Feature,Mean_Diff,Median_Diff,Cohen_d,Overlap_Coefficient,KS_Stat,KS_pvalue,MW_Stat,MW_pvalue,Similarity
QRS_Dur_Global,3.4474642577116583,3.625,0.1445257873263648,0.8451294832053855,0.10980717245416793,9.49302773033901e-218,4807259575.0,7.607804454297403e-94,Similar
QRS_Dur_Global_count,1.5607854597214619,1.0,0.4417772510584233,0.7941929305623512,0.2056485350513283,0.0,5635392639.5,0.0,Moderately Different
QRS_Dur_Global_iqr,1.0406208550318503,1.0,0.1161604746420301,0.9422113553729325,0.05776508934741653,1.855674759004563e-60,4743923818.5,7.4413438130845595e-65,Similar
Q_Amp_I,0.036253707460309634,0.030063796658983552,0.251121971106052,0.7487234296828902,0.29260402857020973,0.0,5870747871.0,0.0,Moderately Different
Q_Amp_II,0.03644652701426099,0.0428599300173262,0.22511017241023784,0.9377858601465762,0.3219284573244989,0.0,5851002298.0,0.0,Similar
Q_Amp_III,0.0044497061003309375,0.006607748383768599,0.022373041935552895,0.9873226998330612,0.08534718827945276,1.406638562541287e-131,4579558556.0,7.491812587016923e-15,Similar
Q_Amp_III_count,1.5180363835518715,1.0,0.429930761135537,0.7983273258517031,0.2010724038476352,0.0,5603502750.5,0.0,Moderately Different
Q_Amp_III_iqr,-0.03589612238757524,-0.028147329618546404,-0.14017680519132802,0.9992670399637317,0.3943317148842984,0.0,2333698201.0,0.0,Similar
Q_Amp_II_count,1.5180363835518715,1.0,0.429930761135537,0.7983273258517031,0.2010724038476352,0.0,5603502750.5,0.0,Moderately Different
Q_Amp_II_iqr,-0.036350182313772565,-0.027174842100211052,-0.16394175844241776,0.9987304831727628,0.46851553129539086,0.0,1993737777.0,0.0,Similar
Q_Amp_I_count,1.5180363835518715,1.0,0.429930761135537,0.7983273258517031,0.2010724038476352,0.0,5603502750.5,0.0,Moderately Different
Q_Amp_I_iqr,-0.02907822197959178,-0.021790890767518452,-0.16154572266618536,0.9998414478247233,0.5018261603892336,0.0,1821810821.0,0.0,Similar
Q_Amp_V1,-0.04499133928714502,-0.04083230733867205,-0.16501935833853326,0.9477419597574788,0.17758835387793315,0.0,3536807660.0,0.0,Similar
Q_Amp_V1_count,1.5180363835518715,1.0,0.429930761135537,0.7983273258517031,0.2010724038476352,0.0,5603502750.5,0.0,Moderately Different
Q_Amp_V1_iqr,-0.03792450994176817,-0.02045752536134845,-0.12360095976696825,0.9978588835581015,0.4016213429002692,0.0,2328770096.0,0.0,Similar
Q_Amp_V2,-0.0725480831858534,-0.08506576394604701,-0.20830087863802785,0.9115048371130874,0.13926902956161624,0.0,3819406394.0,2.0650699021597238e-266,Similar
Q_Amp_V2_count,1.5180363835518715,1.0,0.429930761135537,0.7983273258517031,0.2010724038476352,0.0,5603502750.5,0.0,Moderately Different
Q_Amp_V2_iqr,-0.04166510709709627,-0.0254940962291705,-0.145560093177559,0.9972812631017559,0.3575914970378134,0.0,2509363555.5,0.0,Similar
Q_Amp_V3,-0.02533227994035267,0.006948843826328488,-0.06718260648963381,0.9348100129394699,0.2112708610935947,0.0,4677463262.0,3.5202831210780093e-40,Similar
Q_Amp_V3_count,1.5180363835518715,1.0,0.429930761135537,0.7983273258517031,0.2010724038476352,0.0,5603502750.5,0.0,Moderately Different
Q_Amp_V3_iqr,-0.04802289403405865,-0.030362840731325648,-0.14360897402500936,0.9962464225708946,0.35187084276732233,0.0,2516460559.0,0.0,Similar
Q_Amp_V4,0.05211137335905816,0.05851741640393486,0.14028783103916848,0.8252735841621915,0.35901209648509164,0.0,5894884617.0,0.0,Similar
Q_Amp_V4_count,1.5186327411829552,1.0,0.43009374638930353,0.798281452187773,0.2011182775115647,0.0,5603701281.5,0.0,Moderately Different
Q_Amp_V4_iqr,-0.046270618467816466,-0.0308456459667015,-0.12651290517533906,0.9959135268046873,0.3754646355712055,0.0,2415571653.0,0.0,Similar
Q_Amp_V5,0.07411394060464503,0.0570624790899186,0.2460440158961373,0.9233448352405609,0.37318125484238435,0.0,6265312071.0,0.0,Similar
Q_Amp_V5_count,1.5186327411829552,1.0,0.43009374638930353,0.798281452187773,0.2011182775115647,0.0,5603701281.5,0.0,Moderately Different
Q_Amp_V5_iqr,-0.05346556364539579,-0.03011460115670015,-0.16102670080736006,0.9966059884974208,0.44699358680118395,0.0,2081262248.0,0.0,Similar
Q_Amp_V6,0.05829122162266576,0.04914954556385985,0.21886767634737966,0.9573137991963578,0.33936389194509287,0.0,6174946166.0,0.0,Similar
Q_Amp_V6_count,1.5186327411829552,1.0,0.43009374638930353,0.798281452187773,0.2011182775115647,0.0,5603701281.5,0.0,Moderately Different
Q_Amp_V6_iqr,-0.06396845648590493,-0.0324105539432217,-0.20214359557647285,0.9955512043214634,0.49411320548924964,0.0,1814404927.0,0.0,Similar
Q_Amp_aVF,-0.011714337108464676,0.01155539573872455,-0.0698519790448033,0.9336489065126468,0.12104334483618173,1.1901009532753798e-264,4491529699.0,0.00455068501797151,Similar
Q_Amp_aVF_count,1.5180363835518715,1.0,0.429930761135537,0.7983273258517031,0.2010724038476352,0.0,5603502750.5,0.0,Moderately Different
Q_Amp_aVF_iqr,-0.038179607387926986,-0.0298997735716561,-0.13994364719694982,0.9984274854641898,0.48896143927381097,0.0,1913452813.0,0.0,Similar
Q_Amp_aVL,0.044918134993194136,0.0269713586103364,0.26245140861916544,0.938120501930648,0.2165032450049174,0.0,5563578944.0,0.0,Similar
Q_Amp_aVL_count,1.5180363835518715,1.0,0.429930761135537,0.7983273258517031,0.2010724038476352,0.0,5603502750.5,0.0,Moderately Different
Q_Amp_aVL_iqr,-0.023375804315690737,-0.017184203672989,-0.09115378846943213,0.9999286050390344,0.37425094988132224,0.0,2548790976.0,0.0,Similar
Q_Amp_aVR,-0.03712249871771151,-0.0380743070537453,-0.3032148583012883,0.975881513450414,0.38697498456254714,0.0,2537397179.0,0.0,Similar
Q_Amp_aVR_count,1.5180363835518715,1.0,0.429930761135537,0.7983273258517031,0.2010724038476352,0.0,5603502750.5,0.0,Moderately Different
Q_Amp_aVR_iqr,-0.027272934397752267,-0.020251237522605454,-0.10317834801232327,0.9997549680543825,0.5451599452385414,0.0,1665754910.0,0.0,Similar
RR_Mean_Global,-67.1883449739131,-79.84615384615404,-0.3409978042326503,0.8196089710224006,0.17964115074362147,0.0,3442141040.5,0.0,Similar
RR_Mean_Global_count,2.5180363835518715,2.0,0.7131458182935173,0.6698626403054553,0.3301177251908316,0.0,6408945274.5,0.0,Moderately Different
RR_Mean_Global_iqr,6.9635982840847035,-6.5,0.06708439439032587,0.952593659901254,0.14364266097463194,0.0,3923021202.5,1.040347104276859e-185,Similar
R_Amp_I,-0.10803535919381946,-0.07290034303206494,-0.09172021254022111,0.9858420999313591,0.09941587819820152,1.765884785648865e-178,3891014048.0,5.050724539448951e-209,Similar
R_Amp_II,-0.17465562376325422,-0.15654373782484654,-0.20349756640075986,0.9063917255611339,0.17715274074205056,0.0,3515107866.0,0.0,Similar
R_Amp_III,-0.09278552758950914,-0.02450357920755597,-0.0693508985832824,0.9428059980586057,0.07169620556147438,6.148660171232627e-93,4200009257.0,1.226767037790598e-41,Similar
R_Amp_III_count,1.5180363835518715,1.0,0.429930761135537,0.7983273258517031,0.2010724038476352,0.0,5603502750.5,0.0,Moderately Different
R_Amp_III_iqr,-0.01541766861350223,-0.022052772119307756,-0.020797014569719337,0.9995533150405207,0.2213089080065106,0.0,3242093798.0,0.0,Similar
R_Amp_II_count,1.5180363835518715,1.0,0.429930761135537,0.7983273258517031,0.2010724038476352,0.0,5603502750.5,0.0,Moderately Different
R_Amp_II_iqr,-0.03030566791795325,-0.022517371879018498,-0.05837831306717873,0.9984068550041263,0.32490613555559,0.0,2668139743.0,0.0,Similar
R_Amp_I_count,1.5180363835518715,1.0,0.429930761135537,0.7983273258517031,0.2010724038476352,0.0,5603502750.5,0.0,Moderately Different
R_Amp_I_iqr,-0.016106189802140167,-0.020400249930829555,-0.02711265599416773,0.9994639233982505,0.27978815604010987,0.0,2956627976.0,0.0,Similar
R_Amp_V1,0.18110102358442548,0.1544593606836916,0.21130938878357666,0.9417546183023431,0.1725708539104368,0.0,5385360944.0,0.0,Similar
R_Amp_V1_count,1.5180363835518715,1.0,0.429930761135537,0.7983273258517031,0.2010724038476352,0.0,5603502750.5,0.0,Moderately Different
R_Amp_V1_iqr,-0.030688347219313017,-0.02722600154468425,-0.052936774599125554,0.9998527412221497,0.26621930740818456,0.0,2989021401.0,0.0,Similar
R_Amp_V2,0.28523976121011374,0.31530079646729736,0.23504195798492059,0.9428333584859746,0.2113911100441231,0.0,5496321963.0,0.0,Similar
R_Amp_V2_count,1.5180363835518715,1.0,0.429930761135537,0.7983273258517031,0.2010724038476352,0.0,5603502750.5,0.0,Moderately Different
R_Amp_V2_iqr,-0.029461806820530595,-0.0256462038056334,-0.04359313269474538,0.9992783964106217,0.21733686767580515,0.0,3235827555.5,0.0,Similar
R_Amp_V3,-0.1176355775872146,0.10461763886120456,-0.08761588619730847,0.8203273846466792,0.11861026377892225,4.204861779813874e-254,4396726703.0,0.013083826519219516,Similar
R_Amp_V3_count,1.5180363835518715,1.0,0.429930761135537,0.7983273258517031,0.2010724038476352,0.0,5603502750.5,0.0,Moderately Different
R_Amp_V3_iqr,-0.03439809494499828,-0.023806940454142445,-0.05144269586945124,0.9987432171378472,0.20569651231557995,0.0,3320823774.0,0.0,Similar
R_Amp_V4,-0.49575045130240764,-0.5230890380943546,-0.3880836545515755,0.8573592978666494,0.27317063556455706,0.0,3188110840.0,0.0,Similar
R_Amp_V4_count,1.5186327411829552,1.0,0.43009374638930353,0.798281452187773,0.2011182775115647,0.0,5603701281.5,0.0,Moderately Different
R_Amp_V4_iqr,-0.03870621780921517,-0.03595850181657699,-0.055715283835446106,0.9983313966329241,0.24790744914123652,0.0,3024728164.0,0.0,Similar
R_Amp_V5,-0.5274573454490366,-0.45090207480776345,-0.5134376725741464,0.8536219289036494,0.32745584850297244,0.0,2639593024.0,0.0,Similar
R_Amp_V5_count,1.5186327411829552,1.0,0.43009374638930353,0.798281452187773,0.2011182775115647,0.0,5603701281.5,0.0,Moderately Different
R_Amp_V5_iqr,-0.043952240232443415,-0.03163458912095285,-0.07385780848283725,0.9990583914255747,0.2589189033912415,0.0,2943906211.0,0.0,Similar
R_Amp_V6,-0.3236093254765512,-0.274644339812087,-0.3865926422906156,0.7408359310329848,0.26969536646389036,0.0,2923179607.0,0.0,Moderately Different
R_Amp_V6_count,1.5186327411829552,1.0,0.43009374638930353,0.798281452187773,0.2011182775115647,0.0,5603701281.5,0.0,Moderately Different
R_Amp_V6_iqr,-0.0485839520964431,-0.02932356377881895,-0.08627991458517084,0.9994631281028638,0.28284316582516966,0.0,2800921369.0,0.0,Similar
R_Amp_aVF,0.2534754618126517,0.18332672498980995,0.20731149281952901,0.886014511549694,0.22560518391988268,0.0,5587013180.0,0.0,Similar
R_Amp_aVF_count,1.5180363835518715,1.0,0.429930761135537,0.7983273258517031,0.2010724038476352,0.0,5603502750.5,0.0,Moderately Different
R_Amp_aVF_iqr,-0.016916301075358214,-0.01995813811234405,-0.023838133934966376,0.9981276017235955,0.20933518648797517,0.0,3292425829.0,0.0,Similar
R_Amp_aVL,-0.4041763473382567,-0.310559066639291,-0.4059473245112566,0.937358983977538,0.31083886728966004,0.0,2611779928.0,0.0,Similar
R_Amp_aVL_count,1.5180363835518715,1.0,0.429930761135537,0.7983273258517031,0.2010724038476352,0.0,5603502750.5,0.0,Moderately Different
R_Amp_aVL_iqr,-0.014420806142279835,-0.02385939956059084,-0.02332284281505155,0.9983607970331037,0.2798991773638557,0.0,2953913615.0,0.0,Similar
R_Amp_aVR,0.1313482083520886,0.1219338941171706,0.17393257034465098,0.9910486371653854,0.18803032065013753,0.0,5516309736.0,0.0,Similar
R_Amp_aVR_count,1.5180363835518715,1.0,0.429930761135537,0.7983273258517031,0.2010724038476352,0.0,5603502750.5,0.0,Moderately Different
R_Amp_aVR_iqr,-0.023689144613762224,-0.019425393288579798,-0.045317041307341224,0.99899117874435,0.4064371642963532,0.0,2295905479.0,0.0,Similar
ST_Elev_I,0.01188253373647414,-0.0060174740192934,0.09535990503960685,0.7259235562362742,0.3191858958090158,0.0,3627946300.0,2.2300022954297472e-14,Moderately Different
ST_Elev_II,0.05173116019352596,0.0333885845523529,0.3400779755281424,0.8466578791603161,0.3650808004863516,0.0,4327704576.0,4.860024657185495e-272,Similar
ST_Elev_III,0.06820182402930142,0.0596816279333328,0.38394065262233473,0.7969484066586958,0.43565301377400406,0.0,4518408494.0,0.0,Moderately Different
ST_Elev_III_count,3.245546819810416,2.0,0.885637024682538,0.7626905867718314,0.23483542049977518,0.0,5977839291.5,0.0,Moderately Different
ST_Elev_III_iqr,-0.3474225959339782,-0.24407808477195045,-0.9768795009918448,0.9783627174820413,0.860676087646911,0.0,195964753.0,0.0,Similar
ST_Elev_II_count,3.245546819810416,2.0,0.885637024682538,0.7626905867718314,0.23483542049977518,0.0,5977839291.5,0.0,Moderately Different
ST_Elev_II_iqr,-0.23720413719495478,-0.1304732341555093,-0.7360799167500127,0.9856821843894897,0.7827431848539013,0.0,375803823.0,0.0,Similar
ST_Elev_I_count,3.245546819810416,2.0,0.885637024682538,0.7626905867718314,0.23483542049977518,0.0,5977839291.5,0.0,Moderately Different
ST_Elev_I_iqr,-0.25635142510544884,-0.1547596122366871,-1.2298086463740476,0.9629400789003258,0.8504209687695045,0.0,210709079.0,0.0,Similar
ST_Elev_V1,-0.2169341737517899,-0.2271749895107811,-0.5804351096894663,0.7915877170680615,0.5803668348332064,0.0,1895768899.0,0.0,Moderately Different
ST_Elev_V1_count,3.245546819810416,2.0,0.885637024682538,0.7626905867718314,0.23483542049977518,0.0,5977839291.5,0.0,Moderately Different
ST_Elev_V1_iqr,-0.3086918320972527,-0.1881459724025891,-0.663513634150313,0.9764301149732901,0.779479712086758,0.0,366147446.0,0.0,Similar
ST_Elev_V2,-0.18517638209968762,-0.1859253001787194,-0.4967953721777361,0.9481129267288776,0.5491397899544069,0.0,1651054417.5,0.0,Similar
ST_Elev_V2_count,3.245546819810416,2.0,0.885637024682538,0.7626905867718314,0.23483542049977518,0.0,5977839291.5,0.0,Moderately Different
ST_Elev_V2_iqr,-0.13889746566142513,-0.0499565001773188,-0.34127890535646893,0.988155911475527,0.45962771813761744,0.0,1583748990.0,0.0,Similar
ST_Elev_V3,-0.119839236383522,-0.13062726606604702,-0.33352582332545044,0.9406551338367228,0.42226604791971184,0.0,2285307029.0,0.0,Similar
ST_Elev_V3_count,3.245546819810416,2.0,0.885637024682538,0.7626905867718314,0.23483542049977518,0.0,5977839291.5,0.0,Moderately Different
ST_Elev_V3_iqr,-0.13100555993600724,-0.0505893723258294,-0.25504080571387117,0.9898934475349407,0.4653077183751075,0.0,1568197492.0,0.0,Similar
ST_Elev_V4,-0.04573297027691432,-0.0591264713511247,-0.1337689533142315,0.8912746525277775,0.3356524869361397,0.0,3048288120.0,0.0,Similar
ST_Elev_V4_count,3.245546819810416,2.0,0.885637024682538,0.7626905867718314,0.23483542049977518,0.0,5977839291.5,0.0,Moderately Different
ST_Elev_V4_iqr,-0.16194667853139122,-0.06840474618751935,-0.31029675109148774,0.9872747249153532,0.5936597208224066,0.0,1045422030.0,0.0,Similar
ST_Elev_V5,0.029824562970208628,0.0032272442261635,0.08699628091377422,0.9050383370347117,0.28776213574751175,0.0,3786524410.0,0.03752173363811552,Similar
ST_Elev_V5_count,3.245546819810416,2.0,0.885637024682538,0.7626905867718314,0.23483542049977518,0.0,5977839291.5,0.0,Moderately Different
ST_Elev_V5_iqr,-0.19540118460185635,-0.09502510370201354,-0.3827146023837404,0.9851037601177852,0.6962508426807614,0.0,664007371.0,0.0,Similar
ST_Elev_V6,0.05994041544231638,0.0186589870432374,0.1799151338202917,0.870070886954011,0.3410708435545075,0.0,4094262739.0,2.501807953195051e-97,Similar
ST_Elev_V6_count,3.245546819810416,2.0,0.885637024682538,0.7626905867718314,0.23483542049977518,0.0,5977839291.5,0.0,Moderately Different
ST_Elev_V6_iqr,-0.2412182454531972,-0.13084713854844215,-0.5543136442338892,0.9841980304279698,0.7811150056252266,0.0,402674327.0,0.0,Similar
ST_Elev_aVF,0.03260861893419507,0.029761537933205653,0.24595785155603356,0.6612838728033175,0.3718197123200909,0.0,4094994968.0,9.748627234787149e-98,Moderately Different
ST_Elev_aVF_count,3.245546819810416,2.0,0.885637024682538,0.7626905867718314,0.23483542049977518,0.0,5977839291.5,0.0,Moderately Different
ST_Elev_aVF_iqr,-0.28709344838327067,-0.17783771093618686,-0.8641633542604013,0.9818055896010424,0.858952043113746,0.0,197336677.0,0.0,Similar
ST_Elev_aVL,-0.009053566703241329,-0.0212655372922529,-0.056426255842348554,0.7186063491088399,0.34851251232999136,0.0,3490859955.0,7.116123014301295e-58,Moderately Different
ST_Elev_aVL_count,3.245546819810416,2.0,0.885637024682538,0.7626905867718314,0.23483542049977518,0.0,5977839291.5,0.0,Moderately Different
ST_Elev_aVL_iqr,-0.30866758061353733,-0.2154173232363987,-0.8458493418091299,0.9833305850890771,0.8717276241526205,0.0,171186059.0,0.0,Similar
ST_Elev_aVR,-0.07143591717432837,-0.02393165486409305,-0.540696620459693,0.71976345107806,0.3610059497076471,0.0,3281977685.0,7.728316937030962e-183,Moderately Different
ST_Elev_aVR_count,3.245546819810416,2.0,0.885637024682538,0.7626905867718314,0.23483542049977518,0.0,5977839291.5,0.0,Moderately Different
ST_Elev_aVR_iqr,-0.22716959683806462,-0.12969769240626916,-0.6870185896215202,0.9880662776210207,0.8422643317127246,0.0,215286306.0,0.0,Similar
S_Amp_V1,-0.00935922337181051,-0.018560148829602753,-0.03622632501629445,0.9922561285197313,0.2397704650541302,0.0,3557791080.0,0.0,Similar
S_Amp_V1_count,1.5180363835518715,1.0,0.429930761135537,0.7983273258517031,0.2010724038476352,0.0,5603502750.5,0.0,Moderately Different
S_Amp_V1_iqr,-0.036618501040277106,-0.021328213442155047,-0.13320589082052103,0.9978800346265944,0.3492053813148735,0.0,2626895495.0,0.0,Similar
S_Amp_V2,0.03313531944332001,0.015942851924832,0.10483276404608348,0.9182631287210993,0.1384437967477617,0.0,4893000423.0,6.823143680313446e-142,Similar
S_Amp_V2_count,1.5180363835518715,1.0,0.429930761135537,0.7983273258517031,0.2010724038476352,0.0,5603502750.5,0.0,Moderately Different
S_Amp_V2_iqr,-0.03698656085555687,-0.023024816825987802,-0.1318089631031695,0.9975665018029848,0.3156515068270037,0.0,2751752688.0,0.0,Similar
S_Amp_V3,0.11699159458067002,0.04047592848769441,0.3256194859928412,0.8764047275562412,0.2080203166052375,0.0,5402179882.0,0.0,Similar
S_Amp_V3_count,1.5180363835518715,1.0,0.429930761135537,0.7983273258517031,0.2010724038476352,0.0,5603502750.5,0.0,Moderately Different
S_Amp_V3_iqr,-0.044685251717474915,-0.028676950023912153,-0.12915485122349096,0.9982519325639588,0.353388322777299,0.0,2585476915.0,0.0,Similar
T_Amp_I,0.01326703582013218,0.0019564942131571617,0.09194216282911057,0.9849458293993121,0.11694266806226983,5.346126079481173e-247,4688279981.0,8.921556753283003e-44,Similar
T_Amp_II,0.0025081392609880154,-0.0028588779613285126,0.016348150038299966,0.9618359926333497,0.07474402564543964,5.58565366839232e-101,4429868145.0,0.5338410889653087,Similar
T_Amp_III,0.00198292582494998,0.00042027509028250143,0.011085131813361022,0.9631487062244299,0.057450456986194776,8.338251841123002e-60,4519841559.0,9.617317293088599e-06,Similar
T_Amp_III_count,1.5180363835518715,1.0,0.429930761135537,0.7983273258517031,0.2010724038476352,0.0,5603502750.5,0.0,Moderately Different
T_Amp_III_iqr,-0.03772276835298588,-0.028036182134798804,-0.19587062071292902,0.9985111115707668,0.46928275150954557,0.0,2024645105.0,0.0,Similar
T_Amp_II_count,1.5180363835518715,1.0,0.429930761135537,0.7983273258517031,0.2010724038476352,0.0,5603502750.5,0.0,Moderately Different
T_Amp_II_iqr,-0.03701025997299842,-0.0302558127041609,-0.2341464544194094,0.9982949525641246,0.49928049629552906,0.0,1913338299.0,0.0,Similar
T_Amp_I_count,1.5180363835518715,1.0,0.429930761135537,0.7983273258517031,0.2010724038476352,0.0,5603502750.5,0.0,Moderately Different
T_Amp_I_iqr,-0.027945608550808642,-0.0235635844436605,-0.2981662254741575,0.9967068148215544,0.5028620535083744,0.0,1911576455.0,0.0,Similar
T_Amp_V1,-0.05389143171719991,-0.0379368582233489,-0.11783594462074112,0.8974182946260932,0.18219531942186534,0.0,3597877756.0,0.0,Similar
T_Amp_V1_count,1.5180363835518715,1.0,0.429930761135537,0.7983273258517031,0.2010724038476352,0.0,5603502750.5,0.0,Moderately Different
T_Amp_V1_iqr,-0.0350182346540437,-0.0232347220425773,-0.08185540312364054,0.9966618384865998,0.39732263485383357,0.0,2407155007.0,0.0,Similar
T_Amp_V2,-0.14467733907248648,-0.1414120757237965,-0.3022486906416336,0.851899813545553,0.2556858841237725,0.0,3097225197.5,0.0,Similar
T_Amp_V2_count,1.5180363835518715,1.0,0.429930761135537,0.7983273258517031,0.2010724038476352,0.0,5603502750.5,0.0,Moderately Different
T_Amp_V2_iqr,-0.043018774401517586,-0.029053931763126803,-0.11590167161724135,0.9956804140243556,0.38684849045004766,0.0,2361690032.0,0.0,Similar
T_Amp_V3,-0.1204485855999804,-0.11827797245559102,-0.2543275238671935,0.9756774561128077,0.2293240826802863,0.0,3302440136.0,0.0,Similar
T_Amp_V3_count,1.5180363835518715,1.0,0.429930761135537,0.7983273258517031,0.2010724038476352,0.0,5603502750.5,0.0,Moderately Different
T_Amp_V3_iqr,-0.04730485152426497,-0.0275169345477451,-0.12434745915935247,0.9973344592853682,0.38344605113425406,0.0,2362962496.0,0.0,Similar
T_Amp_V4,-0.051801098711281246,-0.053998781371335014,-0.10594794334746555,0.9819875019357995,0.1419349316645342,0.0,3865807396.0,2.8188209855998843e-228,Similar
T_Amp_V4_count,1.5186327411829552,1.0,0.43009374638930353,0.798281452187773,0.2011182775115647,0.0,5603701281.5,0.0,Moderately Different
T_Amp_V4_iqr,-0.0431181609734482,-0.03128518640338125,-0.06830113752847604,0.998633743039392,0.4358398434249302,0.0,2121987133.0,0.0,Similar
T_Amp_V5,-0.0069858850385881854,-0.011224100671425513,-0.016683622110671883,0.966182525184772,0.07984160295137122,3.553375666004213e-115,4341879160.0,2.9014463440551686e-08,Similar
T_Amp_V5_count,1.5186327411829552,1.0,0.43009374638930353,0.798281452187773,0.2011182775115647,0.0,5603701281.5,0.0,Moderately Different
T_Amp_V5_iqr,-0.051560045231094274,-0.031718323338063396,-0.1198332983161773,0.9976720500376545,0.4677188766851459,0.0,1985344616.0,0.0,Similar
T_Amp_V6,0.010899615898844417,0.006507141005902356,0.024065220817536336,0.9957861743312406,0.10833357960908094,6.254865693449561e-212,4655423509.0,2.089863255937311e-33,Similar
T_Amp_V6_count,1.5186327411829552,1.0,0.43009374638930353,0.798281452187773,0.2011182775115647,0.0,5603701281.5,0.0,Moderately Different
T_Amp_V6_iqr,-0.05779201743808127,-0.031357765454916954,-0.10072961168201239,0.9985806901113441,0.48198779062551955,0.0,1922958888.0,0.0,Similar
T_Amp_aVF,-0.0353463739509055,-0.02534262532587296,-0.19290890042625164,0.9647835014708626,0.1448237863943057,0.0,3736123424.0,0.0,Similar
T_Amp_aVF_count,1.5180363835518715,1.0,0.429930761135537,0.7983273258517031,0.2010724038476352,0.0,5603502750.5,0.0,Moderately Different
T_Amp_aVF_iqr,-0.036158231400430084,-0.026640945982514,-0.19463827903201747,0.9990693174084039,0.48971887286013427,0.0,1911244460.0,0.0,Similar
T_Amp_aVL,0.05453642326372636,0.04400020607219955,0.37396931506012865,0.9784775523768192,0.23900351133654815,0.0,5676637944.0,0.0,Similar
T_Amp_aVL_count,1.5180363835518715,1.0,0.429930761135537,0.7983273258517031,0.2010724038476352,0.0,5603502750.5,0.0,Moderately Different
T_Amp_aVL_iqr,-0.026815189382085464,-0.0211888151050184,-0.16119383632488435,0.9999176705731978,0.4743176822894095,0.0,2035740662.0,0.0,Similar
T_Amp_aVR,0.01525857646205779,0.01491980034621486,0.08960445444061922,0.9992761797716322,0.09684068432521564,2.3455804597118468e-169,4868892210.0,2.277317186716184e-127,Similar
T_Amp_aVR_count,1.5180363835518715,1.0,0.429930761135537,0.7983273258517031,0.2010724038476352,0.0,5603502750.5,0.0,Moderately Different
T_Amp_aVR_iqr,-0.027337221711382073,-0.023752868522950048,-0.15884819059238767,0.999886922137853,0.5167014491905954,0.0,1835157737.0,0.0,Similar
