Dataset,Feature,Mean,Median,SD,Min,Max,IQR,MAD,Variance,Skewness,Kurtosis,p01,p05,p25,p50,p75,p95,p99
MIMIC-IV,QRS_Dur_Global,165.97280945703272,163.625,24.03607856888603,96.3076923076923,321.818181818182,28.11764705882399,14.025000000000006,577.7330729696623,0.752172262696541,0.8890739739510671,121.666666666667,130.857142857143,149.882352941176,163.625,178.0,212.769230769231,236.0
MIMIC-IV,QRS_Dur_Global_count,13.664689308521865,13.0,3.5684198126765816,3.0,38.0,5.0,2.0,12.73361995950277,0.8874344422246127,1.0547904101360812,8.0,9.0,11.0,13.0,16.0,20.0,24.0
MIMIC-IV,QRS_Dur_Global_iqr,13.70347236198171,13.0,8.987061355283554,0.0,175.0,11.5,5.5,80.76727180363108,1.6211545629077813,7.963076197153452,0.5,2.0,7.0,13.0,18.5,28.5,42.0
MIMIC-IV,Q_Amp_I,-0.035655554432437744,-0.044936203341016445,0.14570396949413422,-14.9681099720849,28.8674408112933,0.06610725567563121,0.03227414937814685,0.021229646726347598,24.594292134627878,4870.952732462301,-0.2386072022455487,-0.1593148311792515,-0.0820521873496654,-0.044936203341016445,-0.0159449316740342,0.1404447589873945,0.44006827844817015
MIMIC-IV,Q_Amp_II,-0.008353005074366931,-0.0371400699826738,0.1609741528103943,-11.7196115009112,19.1781380246029,0.07891872503899815,0.03911714655483535,0.025912677873024172,8.621503712368343,1023.4745790809886,-0.2725014656245219,-0.15841779722640498,-0.07454132502459088,-0.0371400699826738,0.004377400014407275,0.28398367110949096,0.5096054434008982
MIMIC-IV,Q_Amp_III,0.01854393060604221,0.0166077483837686,0.19959301750897257,-14.0646370171366,42.288285593973,0.13725885054223036,0.0687407396639066,0.03983737263833703,33.16106176902543,6507.810547779167,-0.4844086801691088,-0.23040791704421926,-0.04607273692872432,0.0166077483837686,0.09118611361350605,0.25536331510093124,0.460394236256368
MIMIC-IV,Q_Amp_III_count,13.677034502731651,13.0,3.566596411657629,3.0,38.0,5.0,2.0,12.720609963649075,0.8883875138143162,1.0545099654317696,8.0,9.0,11.0,13.0,16.0,20.0,24.0
MIMIC-IV,Q_Amp_III_iqr,0.04584375100111229,0.0268526703814535,0.26168371182694034,0.0009376329454253,102.796024876269,0.02777821691186555,0.011702038500269098,0.06847836503552515,307.99727682858327,112526.98383638753,0.006589497940527695,0.009751503158039524,0.017271305080108074,0.0268526703814535,0.04504952199197362,0.12110550835016025,0.36734134112453
MIMIC-IV,Q_Amp_II_count,13.677034502731651,13.0,3.566596411657629,3.0,38.0,5.0,2.0,12.720609963649075,0.8883875138143162,1.0545099654317696,8.0,9.0,11.0,13.0,16.0,20.0,24.0
MIMIC-IV,Q_Amp_II_iqr,0.03538487434020237,0.02032515789978885,0.2263525972186501,1.93131579623682e-06,102.246933317706,0.020897832769647875,0.008827619550813601,0.051235498267628445,336.77312945515337,134657.17124432363,0.005123734201069375,0.0075511610461091744,0.013128542697393424,0.02032515789978885,0.0340263754670413,0.09100900177489274,0.3111177173921259
MIMIC-IV,Q_Amp_I_count,13.677034502731651,13.0,3.566596411657629,3.0,38.0,5.0,2.0,12.720609963649075,0.8883875138143162,1.0545099654317696,8.0,9.0,11.0,13.0,16.0,20.0,24.0
MIMIC-IV,Q_Amp_I_iqr,0.02964993068796175,0.01820910923248155,0.18374985869619712,7.02661623536175e-06,95.3417973735544,0.0163319607646602,0.007211927532047699,0.03376401057087241,385.94449401352443,186333.53358669963,0.004836300245376345,0.007131525253566125,0.012205747390557475,0.01820910923248155,0.028537708155217674,0.06889623333271218,0.24318362297930232
MIMIC-IV,Q_Amp_V1,0.09451827124544823,0.08416769266132795,0.2774378980775833,-19.715452466595,49.2451549039431,0.12637143270568119,0.06033735878170221,0.0769717872897075,13.608993131722748,3412.2292154959578,-0.41451446313868,-0.14935534975671574,0.03147432870971907,0.08416769266132795,0.15784576141540024,0.3313354505877275,0.5530134612999554
MIMIC-IV,Q_Amp_V1_count,13.677034502731651,13.0,3.566596411657629,3.0,38.0,5.0,2.0,12.720609963649075,0.8883875138143162,1.0545099654317696,8.0,9.0,11.0,13.0,16.0,20.0,24.0
MIMIC-IV,Q_Amp_V1_iqr,0.03555145225833273,0.019542474638651552,0.31358458109998044,3.12229230398402e-08,102.246933317706,0.020849383140156923,0.0086161984402169,0.09833528950365023,216.8590121567657,59124.29046628834,0.004853068739610465,0.00720312831931135,0.012566400570164251,0.019542474638651552,0.033415783710321174,0.09009219542069152,0.26854000195125527
MIMIC-IV,Q_Amp_V2,0.22699547385804772,0.174934236053953,0.3497748813762609,-22.4734120900578,49.7577734491145,0.312521786930882,0.1497791129410747,0.12234246764177736,9.917678930654064,1420.2898114043137,-0.30177041669238386,-0.07886777314949109,0.04311298973878445,0.174934236053953,0.3556347766696665,0.7287524733605025,1.107766410698425
MIMIC-IV,Q_Amp_V2_count,13.677034502731651,13.0,3.566596411657629,3.0,38.0,5.0,2.0,12.720609963649075,0.8883875138143162,1.0545099654317696,8.0,9.0,11.0,13.0,16.0,20.0,24.0
MIMIC-IV,Q_Amp_V2_iqr,0.049804685095206094,0.0295059037708295,0.29212019898789104,0.0,102.246933317706,0.03226265866199825,0.013912490188434901,0.08533421065672506,229.5755402459805,70171.80213189637,0.006156196695686515,0.00941333143928505,0.0179784440228125,0.0295059037708295,0.05024110268481075,0.12639355129430602,0.372355458826481
MIMIC-IV,Q_Amp_V3,0.22803163583560035,0.1669488438263285,0.3755304938439182,-17.7951462367348,49.271096901991,0.4079540477804648,0.19086398557179884,0.14102315180665706,9.104519325627605,1088.0162986353832,-0.2897523225606917,-0.09572220472388218,-0.014042244451280776,0.1669488438263285,0.393911803329184,0.8067656890025152,1.209090953530236
MIMIC-IV,Q_Amp_V3_count,13.677034502731651,13.0,3.566596411657629,3.0,38.0,5.0,2.0,12.720609963649075,0.8883875138143162,1.0545099654317696,8.0,9.0,11.0,13.0,16.0,20.0,24.0
MIMIC-IV,Q_Amp_V3_iqr,0.054087179822540236,0.02963715926867435,0.3412008759878848,2.52645461549328e-05,102.246933317706,0.0365875743728688,0.01525269815064105,0.11641803777489994,179.2132847440013,43301.75425896166,0.00585528363570209,0.0088608090449497,0.01701871154970085,0.02963715926867435,0.05360628592256965,0.14121979808253973,0.4322457811978327
MIMIC-IV,Q_Amp_V4,0.12231987872652307,-0.01148258359606515,0.3702356147492644,-15.0243366275489,49.7273648343025,0.2884008146265203,0.07029804518815616,0.13707441042876575,11.81248743763062,1271.252332976169,-0.27538274216618364,-0.1350187696119985,-0.052646348048163275,-0.01148258359606515,0.23575446657835702,0.7458889970288562,1.1912673261391848
MIMIC-IV,Q_Amp_V4_count,13.677034502731651,13.0,3.566596411657629,3.0,38.0,5.0,2.0,12.720609963649075,0.8883875138143162,1.0545099654317696,8.0,9.0,11.0,13.0,16.0,20.0,24.0
MIMIC-IV,Q_Amp_V4_iqr,0.05181957329289549,0.0241543540332984,0.3730248277780506,2.45941659868032e-08,102.246933317706,0.03220302716677645,0.012230048704276351,0.13914752213884435,158.21562642347166,33962.692454106036,0.005386845436417845,0.0080033674554757,0.01435851371430385,0.0241543540332984,0.0465615408810803,0.13882290000796502,0.47874589866607875
MIMIC-IV,Q_Amp_V5,0.025962734071935608,-0.0329375209100814,0.30361584341477577,-17.6760441383151,48.3396994921983,0.07921448473499651,0.039335994622891654,0.09218258037246564,19.39608721919928,2836.0769892795797,-0.28546937304340864,-0.16158715818127425,-0.07135226068954918,-0.0329375209100814,0.007862224045447326,0.5111119700688033,0.938398378519653
MIMIC-IV,Q_Amp_V5_count,13.677034502731651,13.0,3.566596411657629,3.0,38.0,5.0,2.0,12.720609963649075,0.8883875138143162,1.0545099654317696,8.0,9.0,11.0,13.0,16.0,20.0,24.0
MIMIC-IV,Q_Amp_V5_iqr,0.04235159847956977,0.019885398843299852,0.3378139786362119,2.04981661913201e-05,102.246933317706,0.022202212647063204,0.008818067882975351,0.114118284162027,191.12073186601177,47903.68456928267,0.005030377008681545,0.007431868238826225,0.012792192203881749,0.019885398843299852,0.03499440485094495,0.1113178414468915,0.4323030588765791
MIMIC-IV,Q_Amp_V6,-0.016222036474407363,-0.040850454436140146,0.2707175616197564,-19.4198915708086,49.1042597362804,0.07106832042617975,0.03517674422545225,0.0732879981693466,26.934314690063054,4827.193888213958,-0.26605682761871957,-0.16384899884666224,-0.07950781652873637,-0.040850454436140146,-0.008439496102556624,0.2932547261464332,0.6507594325380441
MIMIC-IV,Q_Amp_V6_count,13.677034502731651,13.0,3.566596411657629,3.0,38.0,5.0,2.0,12.720609963649075,0.8883875138143162,1.0545099654317696,8.0,9.0,11.0,13.0,16.0,20.0,24.0
MIMIC-IV,Q_Amp_V6_iqr,0.03602821752088465,0.017589446056778202,0.3224231546363937,6.93907632600884e-08,102.246933317706,0.017489854563034573,0.007256195727032052,0.10395669064568386,199.90498419097986,52162.34936814955,0.00468471366005171,0.006911832944287349,0.011716309897283051,0.017589446056778202,0.029206164460317624,0.09020055719587727,0.361774550429842
MIMIC-IV,Q_Amp_aVF,-0.01646960111140059,-0.02844460426127545,0.16707839384645054,-14.9357592920861,29.9961855274831,0.07906382697970803,0.0394279847764605,0.027915189690309646,42.33366212334494,7268.331210825339,-0.2834902547578019,-0.1738620026308175,-0.07448844173764968,-0.02844460426127545,0.00457538524205835,0.21756164001969225,0.455894362146721
MIMIC-IV,Q_Amp_aVF_count,13.677034502731651,13.0,3.566596411657629,3.0,38.0,5.0,2.0,12.720609963649075,0.8883875138143162,1.0545099654317696,8.0,9.0,11.0,13.0,16.0,20.0,24.0
MIMIC-IV,Q_Amp_aVF_iqr,0.03443909071749067,0.0201002264283438,0.2790167437705433,0.0005136497952769,101.635010381292,0.018494912405853298,0.00808093284863665,0.07785034330431703,277.8236230801842,89094.36322500632,0.0052885357421436395,0.007814121815336075,0.01340950575135165,0.0201002264283438,0.03190441815720495,0.08461593983435803,0.29809115627063953
MIMIC-IV,Q_Amp_aVL,0.013060251604047841,-0.0130286413896636,0.17255812649613436,-11.0905640201209,30.5266189822415,0.12318490000542127,0.055764198197039754,0.029776307019855904,32.34840390532892,5221.918972761618,-0.3224901326726878,-0.15684126706575377,-0.055508790794554425,-0.0130286413896636,0.06767610921086685,0.2641578086159463,0.47113857187573094
MIMIC-IV,Q_Amp_aVL_count,13.677034502731651,13.0,3.566596411657629,3.0,38.0,5.0,2.0,12.720609963649075,0.8883875138143162,1.0545099654317696,8.0,9.0,11.0,13.0,16.0,20.0,24.0
MIMIC-IV,Q_Amp_aVL_iqr,0.039130388628939736,0.022815796327011,0.26253299746840936,0.0009115697216182,102.520926583965,0.024461128070128874,0.010195726226719548,0.06892357475974782,308.42039841737767,110173.67418011614,0.005548809819533915,0.008223928627712825,0.0144927452564347,0.022815796327011,0.038953873326563575,0.103443626897278,0.30644320764643773
MIMIC-IV,Q_Amp_aVR,0.036700153697536896,0.0419256929462547,0.1241410545477164,-8.13233146161243,30.3192649408771,0.053890895337877054,0.0268852810020487,0.015411001424219098,92.22792705653173,19746.102722809304,-0.28382885989012346,-0.08802656081533056,0.0158842974670433,0.0419256929462547,0.06977519280492035,0.12729253153843123,0.19345444899305222
MIMIC-IV,Q_Amp_aVR_count,13.677034502731651,13.0,3.566596411657629,3.0,38.0,5.0,2.0,12.720609963649075,0.8883875138143162,1.0545099654317696,8.0,9.0,11.0,13.0,16.0,20.0,24.0
MIMIC-IV,Q_Amp_aVR_iqr,0.02418309569537124,0.01474876247739455,0.2709310176286149,0.0008419328709012,102.540524076993,0.014033354656472851,0.0060713225992085,0.07340361631327684,307.3845623436702,104152.60947920066,0.003790680039000775,0.005624592860744275,0.0097381738664817,0.01474876247739455,0.02377152852295455,0.057109669802576105,0.1803316599559495
MIMIC-IV,RR_Mean_Global,778.6511430759974,762.153846153846,198.00341175521177,262.315789473684,5968.0,261.647727272727,130.02797202797206,39205.35106670393,0.8243867917855903,4.016698810360874,412.1178333333332,487.047619047619,637.625,762.153846153846,899.272727272727,1116.88888888889,1331.0
MIMIC-IV,RR_Mean_Global_count,13.677034502731651,13.0,3.566596411657629,3.0,38.0,5.0,2.0,12.720609963649075,0.8883875138143162,1.0545099654317696,8.0,9.0,11.0,13.0,16.0,20.0,24.0
MIMIC-IV,RR_Mean_Global_iqr,58.48160369717705,18.5,104.85623364469123,0.0,5849.0,48.0,13.5,10994.829734150077,5.721285976385512,107.91059450170485,2.0,2.0,8.0,18.5,56.0,260.0,487.5
MIMIC-IV,R_Amp_I,0.6115625581418381,0.632099656967935,1.205266337834071,-180.326434563254,14.9801503633428,0.46295367025223033,0.230174370035743,1.452666945115953,-61.293955282836734,5203.454036018587,-0.592587666022029,-0.22393783827393948,0.4143783495249205,0.632099656967935,0.8773320197771508,1.3013470845621524,1.6700619084026076
MIMIC-IV,R_Amp_II,0.3612730885629993,0.46345626217515346,0.8697776933278895,-180.265249571577,35.5051823526356,0.5367911540760455,0.2598265531512015,0.7565132358107841,-62.36863324049171,8564.93945641366,-1.1396995375048353,-0.6459025870119403,0.169320931086143,0.46345626217515346,0.7061120851621885,1.1369942074544375,1.5220645874102983
MIMIC-IV,R_Amp_III,-0.2756994227223134,-0.304503579207556,1.363784875640751,-151.034366989887,35.5816796338226,0.8773465584998907,0.439805401393795,1.8599091870264586,-44.86216956834142,2985.60215254089,-1.899646420854896,-1.26988803674512,-0.6334865250510382,-0.304503579207556,0.2438600334488525,0.7275939968125335,1.1493734355495016
MIMIC-IV,R_Amp_III_count,13.677034502731651,13.0,3.566596411657629,3.0,38.0,5.0,2.0,12.720609963649075,0.8883875138143162,1.0545099654317696,8.0,9.0,11.0,13.0,16.0,20.0,24.0
MIMIC-IV,R_Amp_III_iqr,0.10321850735787254,0.060447227880692345,0.7597422393858211,0.0007518739252617,138.057866919206,0.05996229587057965,0.027498061969896147,0.5772082703069822,85.30416784319252,10248.225267846028,0.011002709617712022,0.0179837970811599,0.036982261437455574,0.060447227880692345,0.09694455730803522,0.201412302023437,0.7728233446920418
MIMIC-IV,R_Amp_II_count,13.677034502731651,13.0,3.566596411657629,3.0,38.0,5.0,2.0,12.720609963649075,0.8883875138143162,1.0545099654317696,8.0,9.0,11.0,13.0,16.0,20.0,24.0
MIMIC-IV,R_Amp_II_iqr,0.06436392701759422,0.0374826281209815,0.531028403858807,1.84046170266199e-06,137.372496896563,0.03484179842963141,0.015880807242920902,0.2819911657048323,166.97707955411144,35624.68402983575,0.00807291201221364,0.012688961532708477,0.023998216569977023,0.0374826281209815,0.05884001499960843,0.1266796113404805,0.6194767125716167
MIMIC-IV,R_Amp_I_count,13.677034502731651,13.0,3.566596411657629,3.0,38.0,5.0,2.0,12.720609963649075,0.8883875138143162,1.0545099654317696,8.0,9.0,11.0,13.0,16.0,20.0,24.0
MIMIC-IV,R_Amp_I_iqr,0.07035878565544959,0.04459975006917035,0.6091059492270093,8.56346778533403e-06,138.527889167757,0.039763128039624125,0.0185601375789192,0.37101005738373605,105.68169507759399,16928.32586108226,0.00902246646320255,0.014593830672709225,0.028583590934446422,0.04459975006917035,0.06834671897407055,0.13297055417807002,0.402836086488411
MIMIC-IV,R_Amp_V1,-0.6558470015543423,-0.6555406393163085,0.8692855451850334,-178.994950243686,53.3333749344698,0.5445871575690837,0.2695679745848495,0.7556573590676409,-37.32636239592783,5518.975233493215,-2.2599032754728756,-1.5759130000931374,-0.950842261174267,-0.6555406393163085,-0.40625510360518324,0.5713063420347297,1.0944815337496272
MIMIC-IV,R_Amp_V1_count,13.677034502731651,13.0,3.566596411657629,3.0,38.0,5.0,2.0,12.720609963649075,0.8883875138143162,1.0545099654317696,8.0,9.0,11.0,13.0,16.0,20.0,24.0
MIMIC-IV,R_Amp_V1_iqr,0.08122171746255309,0.04777399845531565,0.5937362000725943,3.2909979214218e-08,156.277952046647,0.05415205038671187,0.023913417585164052,0.35252267527664377,177.52631978608022,39185.56539910961,0.008032963549066114,0.013108300330727124,0.027704468412618276,0.04777399845531565,0.08185651879933015,0.1859298840231035,0.6254933059042377
MIMIC-IV,R_Amp_V2,-0.788381505820484,-0.8246992035327025,1.2231990148353646,-162.447316362212,28.4011260578038,0.8444036967370734,0.42178856324490743,1.4962158298942065,-24.684290135458564,2084.6985962359217,-3.2544326453697057,-2.222943376390205,-1.26950211506104,-0.8246992035327025,-0.4250984183239665,0.9239532512148549,1.5819283428218367
MIMIC-IV,R_Amp_V2_count,13.677034502731651,13.0,3.566596411657629,3.0,38.0,5.0,2.0,12.720609963649075,0.8883875138143162,1.0545099654317696,8.0,9.0,11.0,13.0,16.0,20.0,24.0
MIMIC-IV,R_Amp_V2_iqr,0.11151449943204975,0.0643537961943666,0.6914681981059483,0.0,153.71761363063,0.06952935374964558,0.031176561517569847,0.4781282689918869,118.74228049978521,19399.257329650256,0.010453130638931385,0.017701971992003976,0.03810031019530967,0.0643537961943666,0.10762966394495525,0.24387672918583025,0.9422286812784978
MIMIC-IV,R_Amp_V3,-0.4944512572055457,-0.6853823611387955,1.3423156373837644,-162.461100456034,27.558824532946,1.6397151878353111,0.6232105330550145,1.8018112703649813,-19.21035964143616,1595.626129037452,-3.201440190401821,-2.12081644493846,-1.1544146188168225,-0.6853823611387955,0.4853005690184885,1.335970435733465,2.0265682783890258
MIMIC-IV,R_Amp_V3_count,13.677034502731651,13.0,3.566596411657629,3.0,38.0,5.0,2.0,12.720609963649075,0.8883875138143162,1.0545099654317696,8.0,9.0,11.0,13.0,16.0,20.0,24.0
MIMIC-IV,R_Amp_V3_iqr,0.10910550613762014,0.06119305954585745,0.6833542781632851,5.37568463374158e-06,174.51048625177,0.06683970126333898,0.029639905691369,0.46697306948406436,143.51047147944072,28293.140667777636,0.010637552612944716,0.0174248047114317,0.03636112535348428,0.06119305954585745,0.10320082661682325,0.2428597577092625,0.9829029638750633
MIMIC-IV,R_Amp_V4,0.2693502460092723,0.5569109619056455,1.2780420617311572,-162.139626751727,28.7651160169629,1.6963320188693678,0.8389479013816539,1.6333915115540272,-15.571824668408524,1255.9063897702174,-2.246355105147872,-1.4250263282372324,-0.6391254284537152,0.5569109619056455,1.0572065904156527,1.824022667240905,2.5399451222948297
MIMIC-IV,R_Amp_V4_count,13.677034502731651,13.0,3.566596411657629,3.0,38.0,5.0,2.0,12.720609963649075,0.8883875138143162,1.0545099654317696,8.0,9.0,11.0,13.0,16.0,20.0,24.0
MIMIC-IV,R_Amp_V4_iqr,0.10954362162559532,0.06404149818342281,0.7110794389457147,9.66948610833524e-09,156.635159984442,0.0678671118206749,0.030642161220209557,0.5056339684913524,126.46913410442494,21195.934771654334,0.010909744307155895,0.018034930635877123,0.03812340136962785,0.06404149818342281,0.10599051319030275,0.23941776712807175,0.9188765202085183
MIMIC-IV,R_Amp_V5,0.6369350299982524,0.7590979251922365,1.0367058607848396,-162.163575422671,38.433557594827,0.7938139115582555,0.39380607664524847,1.0747590417856352,-24.428878981463022,2612.5553743618543,-1.468459162204203,-0.8723649895809049,0.34549036569876945,0.7590979251922365,1.139304277257025,1.8266891443258202,2.5119655820870186
MIMIC-IV,R_Amp_V5_count,13.677034502731651,13.0,3.566596411657629,3.0,38.0,5.0,2.0,12.720609963649075,0.8883875138143162,1.0545099654317696,8.0,9.0,11.0,13.0,16.0,20.0,24.0
MIMIC-IV,R_Amp_V5_iqr,0.09579727807198817,0.05836541087904715,0.6081746743102524,1.77538488060548e-05,158.617367227864,0.060839494625660975,0.027589383056737297,0.36987643447238155,157.99240370302,32142.704773249094,0.010026489704062025,0.016642483823337474,0.03494744461746012,0.05836541087904715,0.0957869392431211,0.21014050582819427,0.7760192640463738
MIMIC-IV,R_Amp_V6,0.6538762236563967,0.695355660187913,0.8493695032456915,-162.663561832231,25.2759067052495,0.5753332101778538,0.2870438636685174,0.7214285530438327,-40.34792035749566,5552.74011571433,-1.03618037372305,-0.5257924706691975,0.4209409519153088,0.695355660187913,0.9962741620931626,1.5611615069857674,2.1540717446722333
MIMIC-IV,R_Amp_V6_count,13.677034502731651,13.0,3.566596411657629,3.0,38.0,5.0,2.0,12.720609963649075,0.8883875138143162,1.0545099654317696,8.0,9.0,11.0,13.0,16.0,20.0,24.0
MIMIC-IV,R_Amp_V6_iqr,0.07686368071390644,0.04567643622118095,0.576204653734551,2.37724665404913e-08,158.643190173675,0.04695615201210023,0.021162067230962953,0.33201180298535377,176.5200921306018,39004.30705573032,0.00851242212144928,0.013700926741236925,0.02779571381701055,0.04567643622118095,0.07475186582911078,0.166054389312534,0.6398803947371129
MIMIC-IV,R_Amp_aVF,0.40637375989971986,0.44832672498980997,1.2466445108239224,-179.002026135586,16.1987900044429,0.505753321145274,0.25311894633626547,1.554122536367417,-58.77572430328609,4832.467350574802,-0.7097938888702626,-0.392329133879991,0.20160883329993823,0.44832672498980997,0.7073621544452122,1.158620788528405,1.5668559076555812
MIMIC-IV,R_Amp_aVF_count,13.677034502731651,13.0,3.566596411657629,3.0,38.0,5.0,2.0,12.720609963649075,0.8883875138143162,1.0545099654317696,8.0,9.0,11.0,13.0,16.0,20.0,24.0
MIMIC-IV,R_Amp_aVF_iqr,0.08270501182890341,0.050041861887655845,0.7273077187842346,0.0004385182713114,144.520489896387,0.04760371885609693,0.02204834382945615,0.5289765178031273,105.83529252629599,15406.91289185302,0.009287179923941449,0.015174662034405425,0.03115347350533215,0.050041861887655845,0.07875719236142908,0.15846657038218448,0.563366491476918
MIMIC-IV,R_Amp_aVL,0.02814852994969231,0.149440933360709,1.0156716577740668,-180.167831169935,35.5439729239686,0.7478464978513325,0.37734901340031046,1.0315889164055212,-56.356063840966215,5808.38281826728,-1.445048463488048,-0.8889935863120265,-0.330962894536072,0.149440933360709,0.4168836033152605,0.8496355549832545,1.2455916680302705
MIMIC-IV,R_Amp_aVL_count,13.677034502731651,13.0,3.566596411657629,3.0,38.0,5.0,2.0,12.720609963649075,0.8883875138143162,1.0545099654317696,8.0,9.0,11.0,13.0,16.0,20.0,24.0
MIMIC-IV,R_Amp_aVL_iqr,0.07898485466784903,0.046140600439409055,0.6340006895650557,0.0008296977134031,137.718272214813,0.04484068382577794,0.020508130983563255,0.4019568743689662,125.2981728246361,21385.094362439686,0.009033146970128924,0.0144355979022115,0.0286565060993608,0.046140600439409055,0.07349718992513873,0.1559054001301365,0.6684504485947625
MIMIC-IV,R_Amp_aVR,-0.5258000553297316,-0.5430661058828294,0.7708436953042493,-180.071671322058,16.3322665884852,0.3726025688485062,0.18603819887138207,0.5942000025903105,-88.62812683921359,13277.941371307335,-1.328813657169324,-1.0501732637907224,-0.7335660115518015,-0.5430661058828294,-0.3609634427032953,0.2674064839221695,0.5321197041062072
MIMIC-IV,R_Amp_aVR_count,13.677034502731651,13.0,3.566596411657629,3.0,38.0,5.0,2.0,12.720609963649075,0.8883875138143162,1.0545099654317696,8.0,9.0,11.0,13.0,16.0,20.0,24.0
MIMIC-IV,R_Amp_aVR_iqr,0.042307919471746246,0.0255746067114202,0.5358381881357526,0.0006796896440545,141.252954253889,0.023128903414706775,0.0105253455663426,0.2871225638646061,193.6118044621211,44274.19764301106,0.00582440688941095,0.009035363894055225,0.016653763087439002,0.0255746067114202,0.03978266650214578,0.08344019231716872,0.2934701729047117
MIMIC-IV,ST_Elev_I,-0.006005359857445511,-0.0010174740192934,0.10922653182329276,-35.8536642352096,16.5487050515334,0.0444511283995222,0.0220948742227941,0.011930435254144785,-99.87454221848594,32971.86200924411,-0.2042017504053773,-0.09186325779708046,-0.024681751985235076,-0.0010174740192934,0.019769376414287124,0.06526168517436265,0.13630705755814745
MIMIC-IV,ST_Elev_II,0.009687186252157887,0.0083885845523529,0.13911117543648532,-50.2880027932503,10.3385156455648,0.051144591200614174,0.025568360788075048,0.019351919131320595,-150.16546406881167,46972.887344566414,-0.1642563295812992,-0.07559339557878765,-0.017044624537233426,0.0083885845523529,0.03409996666338075,0.09786449618232428,0.21748148480820073
MIMIC-IV,ST_Elev_III,0.01796838211833508,0.0096816279333328,0.16728738871989535,-60.6292383472591,15.5105499780062,0.04266550446681627,0.0212051265885562,0.027985070424721373,-154.18735021573377,51582.10816695687,-0.14582877932614904,-0.059634667077217,-0.010279413279223226,0.0096816279333328,0.03238609118759305,0.11930129701532526,0.3486432592200587
MIMIC-IV,ST_Elev_III_count,13.677034502731651,13.0,3.566596411657629,3.0,38.0,5.0,2.0,12.720609963649075,0.8883875138143162,1.0545099654317696,8.0,9.0,11.0,13.0,16.0,20.0,24.0
MIMIC-IV,ST_Elev_III_iqr,0.042132100048649396,0.02717191522804955,0.3544935033286116,0.0009826919685883,155.102808323354,0.0243899367754746,0.010514319893835899,0.12566564390219237,323.30673229870064,122929.33778633519,0.00748028788086016,0.01112359269545505,0.018547712035334524,0.02717191522804955,0.04293764881080912,0.1010159904294105,0.2652336811634337
MIMIC-IV,ST_Elev_II_count,13.677034502731651,13.0,3.566596411657629,3.0,38.0,5.0,2.0,12.720609963649075,0.8883875138143162,1.0545099654317696,8.0,9.0,11.0,13.0,16.0,20.0,24.0
MIMIC-IV,ST_Elev_II_iqr,0.03812688886367713,0.02577676584449065,0.32109547928873705,0.0001165341935593,154.312044139164,0.023814986716264298,0.010358966822888102,0.10310230681966376,363.637139942172,154449.49682140612,0.006732973788818606,0.010084239505604876,0.017231783380057725,0.02577676584449065,0.04104677009632202,0.09139908339592585,0.20702515180472156
MIMIC-IV,ST_Elev_I_count,13.677034502731651,13.0,3.566596411657629,3.0,38.0,5.0,2.0,12.720609963649075,0.8883875138143162,1.0545099654317696,8.0,9.0,11.0,13.0,16.0,20.0,24.0
MIMIC-IV,ST_Elev_I_iqr,0.032211007033530546,0.0227403877633129,0.2014780399454262,1.14814052257666e-05,112.915117569155,0.020964103315689195,0.00916388161158585,0.04059340058025076,479.3579188838059,254408.93907071202,0.005724897877895075,0.00876063216659435,0.015189141464769676,0.0227403877633129,0.03615324478045887,0.07779058381856015,0.16497017961122892
MIMIC-IV,ST_Elev_V1,0.019762351763953846,0.0228250104892189,0.37371748934782434,-92.6927745136471,50.694960014026,0.05559505331977315,0.0275288793784714,0.1396647618444412,-39.091477040781555,11705.266404705524,-0.35063293185852684,-0.1140484389701715,-0.002350146818835725,0.0228250104892189,0.053244906500937425,0.14146700884928048,0.2819820470526222
MIMIC-IV,ST_Elev_V1_count,13.677034502731651,13.0,3.566596411657629,3.0,38.0,5.0,2.0,12.720609963649075,0.8883875138143162,1.0545099654317696,8.0,9.0,11.0,13.0,16.0,20.0,24.0
MIMIC-IV,ST_Elev_V1_iqr,0.04072863478656918,0.0243540275974109,0.467525298375716,3.39730194489771e-08,154.312044139164,0.02474740939673623,0.010248227423099299,0.21857990462130228,227.35512154390682,59481.73663770864,0.00615790492675812,0.009364446754009175,0.016103113208751973,0.0243540275974109,0.0408505226054882,0.09952291418401447,0.231935099683506
MIMIC-IV,ST_Elev_V2,0.05803127262343942,0.0490746998212806,0.3737606929793571,-92.6153098381362,32.1015030813074,0.10177444843628236,0.0486685859676395,0.13969705561640924,-38.996301932780234,10641.970473755955,-0.4228609562887932,-0.11118196813718975,0.0072851413355576496,0.0490746998212806,0.10905958977184001,0.2633109406826992,0.47523584644659783
MIMIC-IV,ST_Elev_V2_count,13.677034502731651,13.0,3.566596411657629,3.0,38.0,5.0,2.0,12.720609963649075,0.8883875138143162,1.0545099654317696,8.0,9.0,11.0,13.0,16.0,20.0,24.0
MIMIC-IV,ST_Elev_V2_iqr,0.04663890784563236,0.0275434998226812,0.40991587207732577,0.0,154.312044139164,0.02871863687723475,0.01200062823005625,0.1680310221809145,250.61497432188443,77860.9821893571,0.00680919073332586,0.010258309437276025,0.017803476017956475,0.0275434998226812,0.046522112895191224,0.11534538192254125,0.3072666040805649
MIMIC-IV,ST_Elev_V3,0.052251425940039356,0.039372733933952894,0.35925350070129114,-93.3449833302037,26.2689180835974,0.10003747306767241,0.048295799350657656,0.1290630777661326,-53.633000162485686,12846.561141265232,-0.3237257643923611,-0.100822532931487,-0.002300445554093525,0.039372733933952894,0.09773702751357889,0.25466167789816624,0.48438241406893706
MIMIC-IV,ST_Elev_V3_count,13.677034502731651,13.0,3.566596411657629,3.0,38.0,5.0,2.0,12.720609963649075,0.8883875138143162,1.0545099654317696,8.0,9.0,11.0,13.0,16.0,20.0,24.0
MIMIC-IV,ST_Elev_V3_iqr,0.047232632246403165,0.0269106276741705,0.520470064046023,9.10374053176409e-06,163.275665272671,0.027688047627046627,0.011506497362821649,0.27088908756807134,221.8482583794135,57942.05722171521,0.00688789349746622,0.010243591936921075,0.0176003926682901,0.0269106276741705,0.04528844029533673,0.11487853992904201,0.32176103425012714
MIMIC-IV,ST_Elev_V4,0.02257620453307482,0.0158735286488753,0.3411029586137809,-92.7385930177535,33.6951428421075,0.0724670755752233,0.035869743248782754,0.11635122837507475,-59.668390367873144,15708.476675083813,-0.2352843899447389,-0.09886173909769555,-0.017071098457614176,0.0158735286488753,0.05539597711760912,0.16725187588003326,0.35647977987583107
MIMIC-IV,ST_Elev_V4_count,13.677034502731651,13.0,3.566596411657629,3.0,38.0,5.0,2.0,12.720609963649075,0.8883875138143162,1.0545099654317696,8.0,9.0,11.0,13.0,16.0,20.0,24.0
MIMIC-IV,ST_Elev_V4_iqr,0.04313421180519943,0.02409525381248065,0.5288733909386761,1.26258930330448e-08,154.312044139164,0.0233667826959457,0.009819080631779598,0.27970706364297376,184.57497018430624,40813.94058713702,0.00648501108219607,0.00959572073002115,0.016139885258791925,0.02409525381248065,0.039506667954737625,0.10150039717236875,0.28034174579640925
MIMIC-IV,ST_Elev_V5,0.0020487757823693196,0.0032272442261635,0.3417184401577105,-93.4925573927978,29.9068544981689,0.05716337620698785,0.02858121391289865,0.1167714923438188,-66.5509605931881,16824.89972979826,-0.24345406378425768,-0.1050864033167945,-0.025516773449837375,0.0032272442261635,0.03164660275715048,0.10569745372486375,0.2473496614789719
MIMIC-IV,ST_Elev_V5_count,13.677034502731651,13.0,3.566596411657629,3.0,38.0,5.0,2.0,12.720609963649075,0.8883875138143162,1.0545099654317696,8.0,9.0,11.0,13.0,16.0,20.0,24.0
MIMIC-IV,ST_Elev_V5_iqr,0.039289776310195756,0.02247489629798645,0.5170261932871142,4.9404737933711e-05,154.312044139164,0.02082063343557613,0.008849451852102199,0.2673160845449643,203.41879776131236,47515.401237924016,0.006110969648798725,0.009089897739598951,0.0153018103266599,0.02247489629798645,0.03612244376223603,0.0927009384135413,0.25566814747956107
MIMIC-IV,ST_Elev_V6,-0.006422776740094038,-0.0013410129567626,0.3318281462085146,-93.2933674200086,25.5435943120449,0.04858030360529718,0.02419712398096245,0.11010991861617934,-62.524114581919584,17117.22207362757,-0.24319219486156443,-0.1015147258955905,-0.027008056389287573,-0.0013410129567626,0.021572247216009602,0.07562404122878393,0.1791468138296892
MIMIC-IV,ST_Elev_V6_count,13.677034502731651,13.0,3.566596411657629,3.0,38.0,5.0,2.0,12.720609963649075,0.8883875138143162,1.0545099654317696,8.0,9.0,11.0,13.0,16.0,20.0,24.0
MIMIC-IV,ST_Elev_V6_iqr,0.03720778603431642,0.02165286145155785,0.4385381169809099,1.35473820840232e-08,154.312044139164,0.019718666424845526,0.008413746838926251,0.1923156800451622,224.31654318776896,62304.68245406754,0.005854683277851555,0.008817730401558949,0.0148176684992346,0.02165286145155785,0.03453633492408013,0.08675316515471548,0.2375049206125805
MIMIC-IV,ST_Elev_aVF,-0.013027374551146957,-0.005238462066794351,0.11460279414454518,-35.1277034479149,15.4338824882792,0.03559638334162152,0.0176204228518306,0.013133800425736997,-104.67179565677291,29607.263422134485,-0.26464799774296455,-0.09866944076267645,-0.024549284053601322,-0.005238462066794351,0.0110470992880202,0.04985428192241517,0.11500955727019808
MIMIC-IV,ST_Elev_aVF_count,13.677034502731651,13.0,3.566596411657629,3.0,38.0,5.0,2.0,12.720609963649075,0.8883875138143162,1.0545099654317696,8.0,9.0,11.0,13.0,16.0,20.0,24.0
MIMIC-IV,ST_Elev_aVF_iqr,0.03308543326710932,0.02216228906381315,0.33094585811972854,7.29030596996839e-05,153.455833100694,0.019199210137715243,0.008405330521695502,0.10952516100660348,365.159891492664,149853.04581172852,0.005935701224818355,0.009048232853314075,0.015257886059698376,0.02216228906381315,0.03445709619741362,0.07711908602588147,0.19323350353749993
MIMIC-IV,ST_Elev_aVL,0.012556096706096347,0.008734462707747099,0.14999909228752795,-52.3624958738539,12.2451500645891,0.04198023563348305,0.020968410092779548,0.022499727687082322,-172.16349328728305,50521.001764883986,-0.1417222965571297,-0.06081004211406265,-0.011727462955169025,0.008734462707747099,0.030252772678314024,0.09548592832045187,0.25683953929246833
MIMIC-IV,ST_Elev_aVL_count,13.677034502731651,13.0,3.566596411657629,3.0,38.0,5.0,2.0,12.720609963649075,0.8883875138143162,1.0545099654317696,8.0,9.0,11.0,13.0,16.0,20.0,24.0
MIMIC-IV,ST_Elev_aVL_iqr,0.03720280483705978,0.0245826767636013,0.36608848577351755,0.0002745051387038,154.70843137646,0.021832946351479674,0.009507877062821801,0.13402077941594695,319.3761732743197,115025.78934497015,0.006735503297907131,0.0099892479409066,0.016760067609064126,0.0245826767636013,0.0385930139605438,0.08846687812288173,0.21549101546652924
MIMIC-IV,ST_Elev_aVR,-0.004147915002775707,-0.00393165486409305,0.12141190966524308,-35.8274604425284,8.64603519856755,0.04177920234241985,0.0208846287163563,0.014740851808561148,-139.65041938443628,32299.383020810714,-0.14330035817613115,-0.07027539456306008,-0.024441961111487626,-0.00393165486409305,0.017337241230932224,0.06602083186140595,0.13426184851119793
MIMIC-IV,ST_Elev_aVR_count,13.677034502731651,13.0,3.566596411657629,3.0,38.0,5.0,2.0,12.720609963649075,0.8883875138143162,1.0545099654317696,8.0,9.0,11.0,13.0,16.0,20.0,24.0
MIMIC-IV,ST_Elev_aVR_iqr,0.029122884160849544,0.020302307593730848,0.33117352159729274,0.0005385280030674,154.733804363165,0.018799658178043153,0.008278962405381098,0.10967590140715253,374.2065742900774,155433.12497618882,0.00503339006125003,0.00763948471302645,0.013444494672856376,0.020302307593730848,0.03224415285089953,0.06958392032730408,0.1420944569215174
MIMIC-IV,S_Amp_V1,0.023743212519744154,0.03143985117039725,0.26292671024279773,-57.2932680261176,23.1975510073787,0.06040152043994395,0.03013761481104945,0.06913045495910011,-25.74463833038727,6469.051622770029,-0.5582267330864707,-0.13513391977144926,0.00186815385017965,0.03143985117039725,0.0622696742901236,0.153444398939023,0.36779205112306623
MIMIC-IV,S_Amp_V1_count,13.677034502731651,13.0,3.566596411657629,3.0,38.0,5.0,2.0,12.720609963649075,0.8883875138143162,1.0545099654317696,8.0,9.0,11.0,13.0,16.0,20.0,24.0
MIMIC-IV,S_Amp_V1_iqr,0.042496710666681904,0.02367178655784495,0.28065053235897874,3.54408146472989e-08,101.211306428167,0.027883560022989178,0.0115271993899306,0.07876472131337817,197.82436623991867,55742.50064284079,0.00514319629464527,0.00775680898121435,0.014216403114190649,0.02367178655784495,0.04209996313717983,0.11480634166494025,0.31148348018279925
MIMIC-IV,S_Amp_V2,-0.04585431310863191,0.010942851924832,0.31782734203672347,-56.7603338033693,16.9263794960168,0.08846338330779019,0.04229584051670395,0.1010142193461284,-14.29735153454511,2849.415708469799,-1.0176097746128105,-0.5459459825164827,-0.039296515266939024,0.010942851924832,0.04916686804085117,0.1390948080363095,0.327181228883955
MIMIC-IV,S_Amp_V2_count,13.677034502731651,13.0,3.566596411657629,3.0,38.0,5.0,2.0,12.720609963649075,0.8883875138143162,1.0545099654317696,8.0,9.0,11.0,13.0,16.0,20.0,24.0
MIMIC-IV,S_Amp_V2_iqr,0.04949309417449036,0.0269751831740122,0.2863537922182715,0.0,101.211306428167,0.032093157409935645,0.01343216072627515,0.08199849431778501,193.967313276344,52976.95292518669,0.00565004049260474,0.008479536832348152,0.015872883955806626,0.0269751831740122,0.04796604136574227,0.13944118328794475,0.40301624229127014
MIMIC-IV,S_Amp_V3,-0.15075807283526646,-0.0295240715123056,0.3582267641111322,-55.8095672980614,17.9470520267467,0.25612544585853125,0.06512643827027045,0.12832641452553276,-10.806642830752752,1656.4030681914119,-1.186141920097505,-0.760192100023941,-0.24404508618158877,-0.0295240715123056,0.012080359676942477,0.0908534659184605,0.235686130460939
MIMIC-IV,S_Amp_V3_count,13.677034502731651,13.0,3.566596411657629,3.0,38.0,5.0,2.0,12.720609963649075,0.8883875138143162,1.0545099654317696,8.0,9.0,11.0,13.0,16.0,20.0,24.0
MIMIC-IV,S_Amp_V3_iqr,0.05225830073905977,0.02882304997608785,0.3534439509396032,6.83139796489612e-06,124.767555687695,0.033653442387506755,0.01427713040409025,0.1249226264557966,217.49495209395008,62252.813010631806,0.0058516516672146,0.0088668257123896,0.01696844111521775,0.02882304997608785,0.0506218835027245,0.1443408087509515,0.41714715753751097
MIMIC-IV,T_Amp_I,0.08952351547516223,0.09195649421315716,0.14455739068339518,-33.7133300262035,12.1797420846318,0.12333136725029462,0.06155042236542394,0.020896839201191744,-37.208253807114914,8734.092313090352,-0.2609108630733196,-0.1105868308747415,0.0333836736494994,0.09195649421315716,0.15671504089979402,0.2669545595176702,0.3631457367852078
MIMIC-IV,T_Amp_II,0.11208243165972188,0.10714112203867149,0.1543194913142954,-44.1777092405621,16.2984468005995,0.12899531134089287,0.06437824987016355,0.023814505399502896,-71.50525355657076,20251.377102324077,-0.1733259389211245,-0.05948919103726255,0.045554503059202625,0.10714112203867149,0.1745498144000955,0.2992185363732345,0.4343890542499288
MIMIC-IV,T_Amp_III,0.03397017294637757,0.0304202750902825,0.18058710233192962,-45.6943247058327,12.2605898798127,0.13304375982658917,0.06662160777470741,0.032611701528642824,-81.74412057210341,19121.56697752397,-0.2631679152692003,-0.15029281499605973,-0.04167503934318145,0.0304202750902825,0.09136872048340773,0.2447689758352155,0.4648091597936473
MIMIC-IV,T_Amp_III_count,13.677034502731651,13.0,3.566596411657629,3.0,38.0,5.0,2.0,12.720609963649075,0.8883875138143162,1.0545099654317696,8.0,9.0,11.0,13.0,16.0,20.0,24.0
MIMIC-IV,T_Amp_III_iqr,0.036316293071850095,0.0219638178652012,0.19645152120034295,0.0007253115806754,94.5950119291648,0.021270232037965322,0.0090015082195971,0.0385932001819288,342.1773748459561,146640.4477354271,0.0057888830306324,0.008536934505848151,0.014612203578837624,0.0219638178652012,0.035882435616802946,0.09977432719873287,0.25922310436061435
MIMIC-IV,T_Amp_II_count,13.677034502731651,13.0,3.566596411657629,3.0,38.0,5.0,2.0,12.720609963649075,0.8883875138143162,1.0545099654317696,8.0,9.0,11.0,13.0,16.0,20.0,24.0
MIMIC-IV,T_Amp_II_iqr,0.03364768305191096,0.019744187295839,0.16098404851650783,4.74598328542282e-05,78.3782951714749,0.019262917032394227,0.0080748166693746,0.02591586387676534,360.70133662521164,159027.7620990525,0.0052057410500109,0.00769307002647635,0.013206851352124124,0.019744187295839,0.03246976838451835,0.103226208522126,0.2503386192992638
MIMIC-IV,T_Amp_I_count,13.677034502731651,13.0,3.566596411657629,3.0,38.0,5.0,2.0,12.720609963649075,0.8883875138143162,1.0545099654317696,8.0,9.0,11.0,13.0,16.0,20.0,24.0
MIMIC-IV,T_Amp_I_iqr,0.03079504469016568,0.0189364155563394,0.09491652816938963,9.62107626081631e-06,42.3281117103312,0.018049529413945373,0.0077534539927622504,0.009009147319730536,274.74588212726417,108480.8442881182,0.00478801691494687,0.007190842068036475,0.012587187166295,0.0189364155563394,0.030636716580240374,0.09304330486060922,0.224293724474981
MIMIC-IV,T_Amp_V1,-0.0015812340017083717,-0.0179368582233489,0.46748238274815257,-64.7935834469936,33.4692828941723,0.1679734084606085,0.0818945295375001,0.21853977817989023,-20.52647848643131,2271.706053078953,-0.3399241529214669,-0.20152560464539027,-0.09041658251446565,-0.0179368582233489,0.07755682594614283,0.278875795211108,0.5369277588089374
MIMIC-IV,T_Amp_V1_count,13.677034502731651,13.0,3.566596411657629,3.0,38.0,5.0,2.0,12.720609963649075,0.8883875138143162,1.0545099654317696,8.0,9.0,11.0,13.0,16.0,20.0,24.0
MIMIC-IV,T_Amp_V1_iqr,0.04233646051545946,0.0217652779574227,0.438117184713668,2.9734418407317e-08,85.7761113422635,0.02614361218643025,0.010302992984012098,0.1919466675414303,137.38189374775192,21921.924684660746,0.005004636222930395,0.007550433260318925,0.013522873957995575,0.0217652779574227,0.039666486144425826,0.1164618505312135,0.2750228876652725
MIMIC-IV,T_Amp_V2,0.16349069615848744,0.14358792427620348,0.48632175714446674,-64.1934297892317,25.0865573390002,0.2668355987774073,0.13225552054671452,0.23650885147208167,-24.826495118115883,2019.5390722493269,-0.40318846517206197,-0.16807663927992575,0.023726515345690924,0.14358792427620348,0.29056211412309824,0.598263367974808,0.9442396120573671
MIMIC-IV,T_Amp_V2_count,13.677034502731651,13.0,3.566596411657629,3.0,38.0,5.0,2.0,12.720609963649075,0.8883875138143162,1.0545099654317696,8.0,9.0,11.0,13.0,16.0,20.0,24.0
MIMIC-IV,T_Amp_V2_iqr,0.05017816123773188,0.0284460682368732,0.3795442545123357,0.0,89.3217218874047,0.03168216848800688,0.0135700192341103,0.14405384113332467,167.00414832236234,32785.472937723345,0.0058282950772960305,0.009028441700406425,0.01721746987731665,0.0284460682368732,0.04889963836532353,0.13128382367990601,0.381141767023078
MIMIC-IV,T_Amp_V3,0.18316602974934754,0.161722027544409,0.4808478164952946,-79.1441913604596,36.7608342775404,0.2599246245558166,0.12734787779277626,0.23121462262829254,-32.13276976775382,3708.8630523734832,-0.40194298595304917,-0.16054543707906724,0.04792398916162295,0.161722027544409,0.30784861371743955,0.6192179500536426,0.982759204662765
MIMIC-IV,T_Amp_V3_count,13.677034502731651,13.0,3.566596411657629,3.0,38.0,5.0,2.0,12.720609963649075,0.8883875138143162,1.0545099654317696,8.0,9.0,11.0,13.0,16.0,20.0,24.0
MIMIC-IV,T_Amp_V3_iqr,0.05005683937898745,0.0274830654522549,0.38865414766611583,6.04698471967332e-06,120.761851667092,0.030445374049238028,0.012814290555725099,0.151052046498075,194.78657779533296,49333.84725020289,0.005987746818749895,0.009137495464301076,0.016953525027107702,0.0274830654522549,0.04739889907634573,0.13300855586525076,0.3951206051414685
MIMIC-IV,T_Amp_V4,0.157362127272754,0.146001218628665,0.49797691871320227,-64.2923367873182,69.683301635583,0.2136288010085347,0.1053049237734772,0.24798101157109526,-18.75912030127079,4111.416937427774,-0.3800748726246893,-0.141581029011082,0.05033755122866808,0.146001218628665,0.2639663522372028,0.5121949591977926,0.8080095118352972
MIMIC-IV,T_Amp_V4_count,13.677034502731651,13.0,3.566596411657629,3.0,38.0,5.0,2.0,12.720609963649075,0.8883875138143162,1.0545099654317696,8.0,9.0,11.0,13.0,16.0,20.0,24.0
MIMIC-IV,T_Amp_V4_iqr,0.0483370184008063,0.02371481359661865,0.6470485524023504,3.92373619060744e-08,137.05704611797,0.0254151301408746,0.010568904262125952,0.4186718291659771,137.93484723282336,21941.807170428903,0.005620071557409325,0.008497578282828875,0.015115218585544949,0.02371481359661865,0.04053034872641955,0.124239679666902,0.3694330075868753
MIMIC-IV,T_Amp_V5,0.12179611330988416,0.11877589932857449,0.42702182143449463,-64.813061036813,33.5651008605212,0.17087958402612444,0.0846764705899555,0.18234763598123344,-35.08248976447743,3995.5263504502204,-0.33829179587129377,-0.1315633608236955,0.040729182489371324,0.11877589932857449,0.21160876651549576,0.3985840604323757,0.6091376654490182
MIMIC-IV,T_Amp_V5_count,13.677034502731651,13.0,3.566596411657629,3.0,38.0,5.0,2.0,12.720609963649075,0.8883875138143162,1.0545099654317696,8.0,9.0,11.0,13.0,16.0,20.0,24.0
MIMIC-IV,T_Amp_V5_iqr,0.04163715175945528,0.0207816766619366,0.4398015397592275,3.16083207052079e-05,109.728574324765,0.021669940911487294,0.008924977278502602,0.19342539437458733,149.71525086104526,26917.617901255595,0.0052248598850804205,0.007814016795094676,0.013568552750115,0.0207816766619366,0.035238493661602296,0.11780097711615425,0.32518520817272484
MIMIC-IV,T_Amp_V6,0.09449994620437702,0.09650714100590235,0.46331091472962843,-64.9661954065728,33.6656567981014,0.13644774177940433,0.06774615041178794,0.21465700370760504,-36.38770070116831,4007.685732225877,-0.29749811904828233,-0.11563451291834925,0.03344679886940965,0.09650714100590235,0.16989454064881399,0.311482306245765,0.4673158774982407
MIMIC-IV,T_Amp_V6_count,13.677034502731651,13.0,3.566596411657629,3.0,38.0,5.0,2.0,12.720609963649075,0.8883875138143162,1.0545099654317696,8.0,9.0,11.0,13.0,16.0,20.0,24.0
MIMIC-IV,T_Amp_V6_iqr,0.040366185149312034,0.01864223454508305,0.5877136220039473,2.98783500264683e-07,143.213366179737,0.0192369896076,0.007847282420616,0.3454073014889986,146.38222899301118,26077.798228283355,0.004868800955233755,0.007195241049269449,0.012327841342883375,0.01864223454508305,0.031564830950483375,0.11131888010525849,0.2941607945615333
MIMIC-IV,T_Amp_aVF,0.03563922171862063,0.044657374674127046,0.18600024282017652,-70.6250774196803,28.6499120672907,0.10049593718030654,0.05010864319261245,0.03459609032916463,-145.61112160580032,55980.740687830585,-0.3189111220761662,-0.15648078688837974,-0.006417718981670775,0.044657374674127046,0.09407821819863577,0.18919354404235975,0.2786762727548806
MIMIC-IV,T_Amp_aVF_count,13.677034502731651,13.0,3.566596411657629,3.0,38.0,5.0,2.0,12.720609963649075,0.8883875138143162,1.0545099654317696,8.0,9.0,11.0,13.0,16.0,20.0,24.0
MIMIC-IV,T_Amp_aVF_iqr,0.029987922092849402,0.018359054017486,0.1896602176352712,0.00072781345092,97.5754564539993,0.017183196554989025,0.00738022789249795,0.03597099815345843,386.19956625160717,182162.61538517792,0.00480801970216019,0.007131942699592125,0.012291979634144475,0.018359054017486,0.0294751761891335,0.08331597713477115,0.21759668434422305
MIMIC-IV,T_Amp_aVL,0.07184707971585719,0.06400020607219956,0.14693634964529492,-44.8308556991246,15.3934566152598,0.10313917703251499,0.051309880065373556,0.02159029084708436,-83.19547618011119,24747.997610602368,-0.17926278404919097,-0.0766464421756035,0.016566763323901522,0.06400020607219956,0.1197059403564165,0.24209627419412175,0.4114319473653222
MIMIC-IV,T_Amp_aVL_count,13.677034502731651,13.0,3.566596411657629,3.0,38.0,5.0,2.0,12.720609963649075,0.8883875138143162,1.0545099654317696,8.0,9.0,11.0,13.0,16.0,20.0,24.0
MIMIC-IV,T_Amp_aVL_iqr,0.03141167882287804,0.0188111848949816,0.17007395532398184,0.0005000577385284,85.3823854687391,0.017744101485508347,0.007524666877488501,0.028925150279543767,375.0959058532217,172163.51967464612,0.005057323804066505,0.0074665124716915745,0.01268813310744015,0.0188111848949816,0.0304322345929485,0.08887060309723098,0.22967873739963193
MIMIC-IV,T_Amp_aVR,-0.09005244697938448,-0.09508019965378514,0.17273385354826382,-71.4364127353016,24.541481624623,0.13403439906922887,0.06589386009816205,0.029836984161633048,-165.03276611164793,73022.28784846127,-0.3343451557878572,-0.25312786726457603,-0.1567968279453665,-0.09508019965378514,-0.02276242887613765,0.0817421185300588,0.17691445582405538
MIMIC-IV,T_Amp_aVR_count,13.677034502731651,13.0,3.566596411657629,3.0,38.0,5.0,2.0,12.720609963649075,0.8883875138143162,1.0545099654317696,8.0,9.0,11.0,13.0,16.0,20.0,24.0
MIMIC-IV,T_Amp_aVR_iqr,0.026509055640790015,0.01624713147704985,0.17611753523645463,0.0005687507763602,101.452706676817,0.015950451565704973,0.0067536298713519495,0.03101738621776384,487.4909935294866,272603.89805273816,0.0040680581543749905,0.006103808563647201,0.010707035992971799,0.01624713147704985,0.026657487558676772,0.08000471601438827,0.1789575635693871
PTB-XL,QRS_Dur_Global,162.52534519932107,160.0,20.140248370394623,46.0,280.0,22.0,10.0,405.6296044211833,0.9707934812225494,2.1620424927499666,123.0,132.0,150.0,160.0,172.0,201.0,228.0
PTB-XL,QRS_Dur_Global_count,12.103903848800403,12.0,2.7884216136196165,5.0,32.0,3.0,2.0,7.7752950953010265,1.256657980879656,3.139262714544757,7.0,9.0,10.0,12.0,13.0,17.0,21.0
PTB-XL,QRS_Dur_Global_iqr,12.66285150694986,12.0,8.405884887166096,0.0,128.5,10.5,5.5,70.65890073628735,1.9043189747058558,12.083248956679913,0.5,2.0,6.5,12.0,17.0,26.5,38.0
PTB-XL,Q_Amp_I,-0.07190926189274738,-0.075,0.1165796824286076,-5.59,1.53,0.075,0.034999999999999996,0.013590822355155,-2.377314981958638,246.97069497389654,-0.28,-0.2,-0.12,-0.075,-0.045,0.045,0.42
PTB-XL,Q_Amp_II,-0.04479953208862792,-0.08,0.17841038716591465,-1.4,2.6500000000000004,0.09,0.045,0.03183026624869156,3.091218715917151,23.739395187227238,-0.325,-0.22,-0.125,-0.08,-0.035,0.32,0.5700000000000001
PTB-XL,Q_Amp_III,0.014094224505711272,0.01,0.1851853254816507,-2.64,5.55,0.17,0.085,0.03429360477374491,1.2362305812332273,54.525880505781295,-0.45,-0.24,-0.07,0.01,0.1,0.27,0.49
PTB-XL,Q_Amp_III_count,12.15899811917978,12.0,2.78004555084611,5.0,33.0,4.0,2.0,7.7286532647792505,1.280110537665156,3.2048071648401244,8.0,9.0,10.0,12.0,14.0,17.0,22.0
PTB-XL,Q_Amp_III_iqr,0.08173987338868753,0.0549999999999999,0.10637353747019576,0.0,2.7575000000000003,0.057499999999999996,0.024999999999999904,0.011315329473923141,7.084349156753616,89.10469111093626,0.0099999999999999,0.0175,0.0325,0.0549999999999999,0.09,0.2224999999999999,0.515050000000001
PTB-XL,Q_Amp_II_count,12.15899811917978,12.0,2.78004555084611,5.0,33.0,4.0,2.0,7.7286532647792505,1.280110537665156,3.2048071648401244,8.0,9.0,10.0,12.0,14.0,17.0,22.0
PTB-XL,Q_Amp_II_iqr,0.07173505665397494,0.0474999999999999,0.10203726803283322,0.0,3.04,0.049999999999999906,0.022499999999999902,0.01041160406760425,8.808566082183734,139.25562232504484,0.0099999999999999,0.015,0.03,0.0474999999999999,0.0799999999999999,0.2025,0.4625
PTB-XL,Q_Amp_I_count,12.15899811917978,12.0,2.78004555084611,5.0,33.0,4.0,2.0,7.7286532647792505,1.280110537665156,3.2048071648401244,8.0,9.0,10.0,12.0,14.0,17.0,22.0
PTB-XL,Q_Amp_I_iqr,0.05872815266755353,0.04,0.08307764203898396,0.0,6.005,0.0350000000000001,0.0150000000000001,0.006901894606757555,21.396252189628992,1252.6351471793453,0.0099999999999999,0.015,0.0274999999999999,0.04,0.0625,0.155,0.3875
PTB-XL,Q_Amp_V1,0.13950961053259325,0.125,0.15819623074297656,-1.2,4.62,0.15,0.075,0.02502604742128508,1.1870557478532486,36.441247963767154,-0.34,-0.035,0.06,0.125,0.21,0.39,0.5801000000000022
PTB-XL,Q_Amp_V1_count,12.15899811917978,12.0,2.78004555084611,5.0,33.0,4.0,2.0,7.7286532647792505,1.280110537665156,3.2048071648401244,8.0,9.0,10.0,12.0,14.0,17.0,22.0
PTB-XL,Q_Amp_V1_iqr,0.0734759622001009,0.04,0.12574283592866997,0.0,5.789999999999999,0.04500000000000011,0.02,0.01581126078738442,10.52334956758986,273.1139838359738,0.0075,0.01,0.0249999999999999,0.04,0.07,0.24,0.5976500000000033
PTB-XL,Q_Amp_V2,0.2995435570439011,0.26,0.31914401794162683,-1.565,2.71,0.41,0.2,0.10185290418792545,0.8253732192655145,2.0762764541224827,-0.25,-0.11,0.07,0.26,0.48,0.88,1.2251000000000023
PTB-XL,Q_Amp_V2_count,12.15899811917978,12.0,2.78004555084611,5.0,33.0,4.0,2.0,7.7286532647792505,1.280110537665156,3.2048071648401244,8.0,9.0,10.0,12.0,14.0,17.0,22.0
PTB-XL,Q_Amp_V2_iqr,0.09146979219230236,0.055,0.13549494798109074,0.0,3.07,0.060000000000000005,0.025,0.018358880928398488,6.521936558594794,69.4815136970431,0.0099999999999999,0.0175,0.0349999999999999,0.055,0.0949999999999999,0.275,0.7
PTB-XL,Q_Amp_V3,0.253363915775953,0.16,0.40468026455670175,-1.72,3.56,0.59,0.26,0.16376611652168213,0.9994813787561376,1.305252207495176,-0.28009999999999996,-0.175,-0.08,0.16,0.51,1.005,1.43
PTB-XL,Q_Amp_V3_count,12.15899811917978,12.0,2.78004555084611,5.0,33.0,4.0,2.0,7.7286532647792505,1.280110537665156,3.2048071648401244,8.0,9.0,10.0,12.0,14.0,17.0,22.0
PTB-XL,Q_Amp_V3_iqr,0.10211007385659888,0.06,0.16105484055020972,0.0,3.1075,0.0699999999999999,0.03,0.02593866166465348,6.68722334926321,69.79818704790934,0.0099999999999999,0.015,0.035,0.06,0.1049999999999999,0.3199999999999999,0.8300000000000001
PTB-XL,Q_Amp_V4,0.07020850536746491,-0.07,0.3936371202817021,-9.81,3.75,0.16,0.060000000000000005,0.1549501824636712,1.4082195285508448,24.960401803563013,-0.365,-0.23,-0.12,-0.07,0.04,0.93,1.51
PTB-XL,Q_Amp_V4_count,12.158401761548696,12.0,2.7812591541534117,0.0,33.0,4.0,2.0,7.735402482562152,1.2752445869861584,3.2118341758079536,8.0,9.0,10.0,12.0,14.0,17.0,22.0
PTB-XL,Q_Amp_V4_iqr,0.09809019176071196,0.0549999999999999,0.18202696169793145,0.0,9.38,0.07,0.030000000000000002,0.0331338147849802,12.969424813028288,402.2856525359653,0.0099999999999999,0.0149999999999999,0.03,0.0549999999999999,0.1,0.2925,0.8401499999999941
PTB-XL,Q_Amp_V5,-0.04815120653270942,-0.09,0.2523211988968755,-8.049999999999999,6.195,0.1,0.05000000000000002,0.06366598741275659,2.317136296583827,78.87053735536986,-0.38,-0.26,-0.14,-0.09,-0.04,0.4549999999999999,1.07
PTB-XL,Q_Amp_V5_count,12.158401761548696,12.0,2.7812591541534117,0.0,33.0,4.0,2.0,7.735402482562152,1.2752445869861584,3.2118341758079536,8.0,9.0,10.0,12.0,14.0,17.0,22.0
PTB-XL,Q_Amp_V5_iqr,0.09581716212496556,0.05,0.19443224166350515,0.0,16.257499999999997,0.06999999999999999,0.03,0.037803896598295667,30.790076590552584,2241.496104640276,0.0099999999999999,0.01,0.0299999999999999,0.05,0.0999999999999999,0.3175,0.77
PTB-XL,Q_Amp_V6,-0.07451325809707313,-0.09,0.16398219807036926,-1.32,2.75,0.09500000000000001,0.049999999999999996,0.026890161283989814,3.9773174123424075,29.65564137515379,-0.345,-0.24,-0.14,-0.09,-0.045,0.125,0.655
PTB-XL,Q_Amp_V6_count,12.158401761548696,12.0,2.7812591541534117,0.0,33.0,4.0,2.0,7.735402482562152,1.2752445869861584,3.2118341758079536,8.0,9.0,10.0,12.0,14.0,17.0,22.0
PTB-XL,Q_Amp_V6_iqr,0.09999667400678959,0.0499999999999999,0.16973100490078152,0.0,4.465,0.0750000000000001,0.0299999999999999,0.028808614024629118,7.193054836842435,95.62583669980015,0.0075,0.01,0.0274999999999999,0.0499999999999999,0.1025,0.355,0.8225
PTB-XL,Q_Amp_aVF,-0.004755264002935914,-0.04,0.17895661470063107,-1.78,3.995,0.145,0.07,0.03202546994511012,3.3632697005528898,45.747673722336714,-0.33009999999999995,-0.2,-0.09,-0.04,0.055,0.28,0.55
PTB-XL,Q_Amp_aVF_count,12.15899811917978,12.0,2.78004555084611,5.0,33.0,4.0,2.0,7.7286532647792505,1.280110537665156,3.2048071648401244,8.0,9.0,10.0,12.0,14.0,17.0,22.0
PTB-XL,Q_Amp_aVF_iqr,0.07261869810541766,0.0499999999999999,0.10257752914150801,0.0,3.140000000000001,0.05,0.022500000000000096,0.010522149484776927,8.331650330859583,121.22574821272477,0.0099999999999999,0.0125,0.03,0.0499999999999999,0.08,0.2,0.4675
PTB-XL,Q_Amp_aVL,-0.031857883389146295,-0.04,0.14224128104150702,-5.55,1.86,0.095,0.049999999999999996,0.020232582032328986,-1.466131085082069,125.05348285769361,-0.305,-0.2,-0.095,-0.04,0.0,0.2,0.45
PTB-XL,Q_Amp_aVL_count,12.15899811917978,12.0,2.78004555084611,5.0,33.0,4.0,2.0,7.7286532647792505,1.280110537665156,3.2048071648401244,8.0,9.0,10.0,12.0,14.0,17.0,22.0
PTB-XL,Q_Amp_aVL_iqr,0.06250619294463047,0.04,0.08178438250937166,0.0,2.58,0.042499999999999996,0.019999999999999997,0.006688685222439217,7.885229657192877,124.74183219918173,0.0099999999999999,0.0149999999999999,0.0274999999999999,0.04,0.0699999999999999,0.17,0.4000500000000011
PTB-XL,Q_Amp_aVR,0.07382265241524841,0.08,0.08426453509935104,-1.23,2.84,0.06,0.03,0.007100511875509765,-0.42271987587977533,73.91071801492063,-0.285,-0.015,0.05,0.08,0.11,0.17,0.23
PTB-XL,Q_Amp_aVR_count,12.15899811917978,12.0,2.78004555084611,5.0,33.0,4.0,2.0,7.7286532647792505,1.280110537665156,3.2048071648401244,8.0,9.0,10.0,12.0,14.0,17.0,22.0
PTB-XL,Q_Amp_aVR_iqr,0.05145603009312351,0.035,0.06167238337372826,0.0,2.22,0.035,0.015000000000000003,0.0038034828709961137,9.760547083462539,221.65924339818892,0.0075,0.01,0.0225,0.035,0.0575,0.14,0.2875
PTB-XL,RR_Mean_Global,845.8394880499105,842.0,177.9472010363,288.0,2195.0,230.0,116.0,31665.206356653365,0.2975833591130854,0.7603679735149544,439.98,566.0,726.0,842.0,956.0,1144.0,1300.0
PTB-XL,RR_Mean_Global_count,11.15899811917978,11.0,2.78004555084611,4.0,32.0,4.0,2.0,7.7286532647792505,1.280110537665156,3.2048071648401244,7.0,8.0,9.0,11.0,13.0,16.0,21.0
PTB-XL,RR_Mean_Global_iqr,51.51800541309235,25.0,81.66180154622819,0.0,1240.0,39.0,15.0,6668.649831775557,4.62553873267622,31.787787119120964,2.0,4.5,13.0,25.0,52.0,196.0,420.03000000000065
PTB-XL,R_Amp_I,0.7195979173356576,0.705,0.40910686280153463,-5.04,5.035,0.44999999999999996,0.22499999999999998,0.16736842519131367,-0.07356688667186898,6.105024053939468,-0.45,0.18,0.495,0.705,0.945,1.36,1.76
PTB-XL,R_Amp_II,0.5359287123262535,0.62,0.6040149672069988,-2.57,6.52,0.54,0.27,0.3648340806100718,-0.5329158662465319,2.548723863025433,-1.12,-0.59,0.35,0.62,0.89,1.355,1.81
PTB-XL,R_Amp_III,-0.18291389513280426,-0.28,0.6952880231122309,-3.44,5.89,0.985,0.5,0.4834254350833141,-0.05169256789872086,0.6812335105411522,-1.9501999999999997,-1.26,-0.625,-0.28,0.36,0.91,1.33
PTB-XL,R_Amp_III_count,12.15899811917978,12.0,2.78004555084611,5.0,33.0,4.0,2.0,7.7286532647792505,1.280110537665156,3.2048071648401244,8.0,9.0,10.0,12.0,14.0,17.0,22.0
PTB-XL,R_Amp_III_iqr,0.11863617597137477,0.0825000000000001,0.18232010036421573,0.0,5.785,0.07499999999999998,0.0325000000000002,0.0332406189968177,10.367662347761897,161.01318564147556,0.0175,0.0299999999999999,0.0549999999999999,0.0825000000000001,0.1299999999999999,0.27,0.7800500000000011
PTB-XL,R_Amp_II_count,12.15899811917978,12.0,2.78004555084611,5.0,33.0,4.0,2.0,7.7286532647792505,1.280110537665156,3.2048071648401244,8.0,9.0,10.0,12.0,14.0,17.0,22.0
PTB-XL,R_Amp_II_iqr,0.09466959493554747,0.06,0.18928736996254447,0.0,6.89,0.0549999999999999,0.024999999999999897,0.03582970842733718,14.034864073855188,305.3034014880698,0.0124999999999999,0.02,0.04,0.06,0.0949999999999999,0.22,0.7301000000000022
PTB-XL,R_Amp_I_count,12.15899811917978,12.0,2.78004555084611,5.0,33.0,4.0,2.0,7.7286532647792505,1.280110537665156,3.2048071648401244,8.0,9.0,10.0,12.0,14.0,17.0,22.0
PTB-XL,R_Amp_I_iqr,0.08646497545758976,0.0649999999999999,0.11920246734812157,0.0,4.19,0.05,0.024999999999999904,0.01420922822187999,12.404916977060257,255.62593275180365,0.015,0.025,0.0449999999999999,0.0649999999999999,0.0949999999999999,0.19,0.5000500000000011
PTB-XL,R_Amp_V1,-0.8369480251387678,-0.81,0.5825746652683476,-6.17,3.46,0.5300000000000001,0.26,0.33939324061252724,0.07636947554250262,4.849322879365619,-2.5,-1.75,-1.1,-0.81,-0.57,0.10049999999999273,1.005
PTB-XL,R_Amp_V1_count,12.15899811917978,12.0,2.78004555084611,5.0,33.0,4.0,2.0,7.7286532647792505,1.280110537665156,3.2048071648401244,8.0,9.0,10.0,12.0,14.0,17.0,22.0
PTB-XL,R_Amp_V1_iqr,0.11191006468186611,0.0749999999999999,0.16898692270828347,0.0,5.545,0.0724999999999999,0.0325,0.028556580046415377,9.017436639013383,139.48760057332652,0.015,0.0249999999999999,0.0474999999999999,0.0749999999999999,0.1199999999999998,0.2850000000000001,0.83
PTB-XL,R_Amp_V2,-1.0736212670305978,-1.14,1.0168748304071926,-8.004999999999999,4.58,0.8400000000000001,0.42000000000000015,1.0340344207156569,0.29726028869797394,2.183276653644569,-3.7502,-2.56,-1.58,-1.14,-0.74,0.97,1.6302000000000043
PTB-XL,R_Amp_V2_count,12.15899811917978,12.0,2.78004555084611,5.0,33.0,4.0,2.0,7.7286532647792505,1.280110537665156,3.2048071648401244,8.0,9.0,10.0,12.0,14.0,17.0,22.0
PTB-XL,R_Amp_V2_iqr,0.14097630625258034,0.09,0.23918541521603207,0.0,5.41,0.08500000000000041,0.039999999999999994,0.05720966285206567,9.761479714507265,137.3416955513083,0.0199999999999999,0.03,0.0599999999999998,0.09,0.1450000000000002,0.3500000000000001,1.0627500000000054
PTB-XL,R_Amp_V3,-0.3768156796183311,-0.79,1.348399692281045,-7.34,5.61,2.1550000000000002,0.9299999999999999,1.818181730143617,0.059295655376221515,-0.2268134721382018,-3.53,-2.265,-1.295,-0.79,0.8600000000000001,1.71,2.395
PTB-XL,R_Amp_V3_count,12.15899811917978,12.0,2.78004555084611,5.0,33.0,4.0,2.0,7.7286532647792505,1.280110537665156,3.2048071648401244,8.0,9.0,10.0,12.0,14.0,17.0,22.0
PTB-XL,R_Amp_V3_iqr,0.14350360108261842,0.0849999999999999,0.2755877433636619,0.0,7.905000000000001,0.0874999999999997,0.0374999999999998,0.07594860429227557,9.550853808755516,133.13041682069579,0.0175,0.0299999999999998,0.0525000000000002,0.0849999999999999,0.1399999999999999,0.3849999999999998,1.27
PTB-XL,R_Amp_V4,0.76510069731168,1.08,1.2659141316000486,-9.065,8.129999999999999,1.92,0.5599999999999998,1.6025385885847052,-0.6433564360285687,0.5903923034194158,-2.40015,-1.465,-0.36,1.08,1.56,2.42,3.27
PTB-XL,R_Amp_V4_count,12.158401761548696,12.0,2.7812591541534117,0.0,33.0,4.0,2.0,7.735402482562152,1.2752445869861584,3.2118341758079536,8.0,9.0,10.0,12.0,14.0,17.0,22.0
PTB-XL,R_Amp_V4_iqr,0.1482498394348105,0.0999999999999998,0.22926896786994772,0.0,5.275,0.0999999999999999,0.0449999999999998,0.05256425962815112,7.943511586702401,88.98801041465708,0.0199999999999997,0.03,0.06,0.0999999999999998,0.1599999999999999,0.36787499999999457,1.197574999999997
PTB-XL,R_Amp_V5,1.164392375447289,1.21,0.8322206134852204,-15.885,7.07,0.7400000000000001,0.3700000000000001,0.6925911495097165,-0.9634748591062378,10.60778323357852,-1.215,-0.61,0.85,1.21,1.59,2.38,3.14
PTB-XL,R_Amp_V5_count,12.158401761548696,12.0,2.7812591541534117,0.0,33.0,4.0,2.0,7.735402482562152,1.2752445869861584,3.2118341758079536,8.0,9.0,10.0,12.0,14.0,17.0,22.0
PTB-XL,R_Amp_V5_iqr,0.13974951830443158,0.09,0.24468505303722657,0.0,19.0225,0.0925000000000002,0.04000000000000009,0.059870775179830374,26.681261775187174,1699.864272011388,0.0175,0.0299999999999998,0.0574999999999998,0.09,0.15,0.37,1.0175749999999972
PTB-XL,R_Amp_V6,0.9774855491329479,0.97,0.5597032498640961,-3.075,5.16,0.5650000000000001,0.28,0.3132677279084309,-0.26075382829908195,3.756210955785864,-0.73,0.19,0.705,0.97,1.27,1.85,2.4351499999999944
PTB-XL,R_Amp_V6_count,12.158401761548696,12.0,2.7812591541534117,0.0,33.0,4.0,2.0,7.735402482562152,1.2752445869861584,3.2118341758079536,8.0,9.0,10.0,12.0,14.0,17.0,22.0
PTB-XL,R_Amp_V6_iqr,0.12544763281034954,0.0749999999999999,0.19470498838431577,0.0,4.87,0.085,0.035,0.03791003250173654,7.843665823922168,102.45824108990455,0.0124999999999999,0.0224999999999999,0.045,0.0749999999999999,0.13,0.375,0.95
PTB-XL,R_Amp_aVF,0.1528982980870682,0.265,0.6234657092391939,-2.9450000000000003,3.86,0.8899999999999999,0.45499999999999996,0.388709490597131,-0.3072490195657192,0.4626938817503259,-1.48,-0.86,-0.31,0.265,0.58,1.08,1.48
PTB-XL,R_Amp_aVF_count,12.15899811917978,12.0,2.78004555084611,5.0,33.0,4.0,2.0,7.7286532647792505,1.280110537665156,3.2048071648401244,8.0,9.0,10.0,12.0,14.0,17.0,22.0
PTB-XL,R_Amp_aVF_iqr,0.09962131290426163,0.0699999999999999,0.1696963316929584,0.0,5.25,0.06,0.029999999999999895,0.02879684499004655,11.512885318144045,197.2965987801585,0.0125,0.0224999999999999,0.0449999999999999,0.0699999999999999,0.1049999999999999,0.2299999999999999,0.6950500000000012
PTB-XL,R_Amp_aVL,0.432324877287949,0.46,0.48790024839040946,-5.69,3.02,0.54,0.26999999999999996,0.23804665237942324,-0.20147237755605707,1.8966617598524005,-0.6700999999999999,-0.41,0.19,0.46,0.73,1.18,1.625
PTB-XL,R_Amp_aVL_count,12.15899811917978,12.0,2.78004555084611,5.0,33.0,4.0,2.0,7.7286532647792505,1.280110537665156,3.2048071648401244,8.0,9.0,10.0,12.0,14.0,17.0,22.0
PTB-XL,R_Amp_aVL_iqr,0.09340566081012887,0.0699999999999999,0.12272803871500694,0.0,3.38,0.0574999999999999,0.027499999999999997,0.015062171486832244,9.731639592775394,150.51583963832982,0.015,0.0249999999999999,0.045,0.0699999999999999,0.1024999999999999,0.21,0.5651500000000034
PTB-XL,R_Amp_aVR,-0.6571482636818202,-0.665,0.3508488227265877,-5.720000000000001,2.95,0.3500000000000001,0.17500000000000004,0.12309489640863254,-0.10225530541785925,10.532808922297507,-1.49,-1.14,-0.8400000000000001,-0.665,-0.49,-0.175,0.42
PTB-XL,R_Amp_aVR_count,12.15899811917978,12.0,2.78004555084611,5.0,33.0,4.0,2.0,7.7286532647792505,1.280110537665156,3.2048071648401244,8.0,9.0,10.0,12.0,14.0,17.0,22.0
PTB-XL,R_Amp_aVR_iqr,0.06599706408550847,0.045,0.11884534135506139,0.0,5.75,0.0399999999999999,0.0150000000000001,0.014124215161801066,17.27931479441141,509.127748424896,0.01,0.0175,0.03,0.045,0.0699999999999999,0.1525,0.41
PTB-XL,ST_Elev_I,-0.01788789359391965,0.005,0.3083497856484758,-2.895,1.95,0.28,0.13,0.09507959030946099,0.10129109567367861,4.527494521983587,-0.75,-0.54,-0.16,0.005,0.12,0.58,0.82
PTB-XL,ST_Elev_II,-0.04204397394136807,-0.025,0.3269698877764534,-2.975,1.96,0.29000000000000004,0.145,0.10690930751254656,-0.09106392616054017,4.877350646275494,-0.8200000000000001,-0.585,-0.19,-0.025,0.1,0.59,0.84
PTB-XL,ST_Elev_III,-0.05023344191096634,-0.05,0.33243069667078257,-2.97,1.94,0.37,0.185,0.11051016808902187,-0.30902662633193234,5.149656400495168,-0.78905,-0.575,-0.24,-0.05,0.13,0.495,0.8
PTB-XL,ST_Elev_III_count,10.431487682921235,11.0,5.165349032520022,0.0,33.0,4.0,2.0,26.68083062775553,-0.780341679899169,0.5173135756095397,0.0,0.0,9.0,11.0,13.0,17.0,21.0
PTB-XL,ST_Elev_III_iqr,0.3895546959826276,0.27125,0.3802134426945411,0.005,3.85,0.31562500000000016,0.1362500000000001,0.14456226200563507,2.8739585950813193,11.992868581993726,0.0375,0.07,0.1599999999999999,0.27125,0.4756250000000001,1.13,1.9435750000000098
PTB-XL,ST_Elev_II_count,10.431487682921235,11.0,5.165349032520022,0.0,33.0,4.0,2.0,26.68083062775553,-0.780341679899169,0.5173135756095397,0.0,0.0,9.0,11.0,13.0,17.0,21.0
PTB-XL,ST_Elev_II_iqr,0.2753310260586319,0.15624999999999994,0.3468596632174908,0.0,3.925,0.2075,0.08124999999999995,0.12031162596735112,3.486500051460918,17.027503789822592,0.025,0.045,0.09,0.15624999999999994,0.2975,0.985,1.71
PTB-XL,ST_Elev_I_count,10.431487682921235,11.0,5.165349032520022,0.0,33.0,4.0,2.0,26.68083062775553,-0.780341679899169,0.5173135756095397,0.0,0.0,9.0,11.0,13.0,17.0,21.0
PTB-XL,ST_Elev_I_iqr,0.28856243213897936,0.1775,0.32656984267469236,0.005,3.655,0.21749999999999992,0.0875,0.10664786214457331,3.094581922857661,12.926819594380207,0.03,0.0549999999999999,0.1075,0.1775,0.3249999999999999,0.975,1.6420250000000034
PTB-XL,ST_Elev_V1,0.23669652551574374,0.25,0.37431102713757697,-3.1,3.0,0.44,0.21999999999999997,0.14010874503678789,-1.324314823281659,11.749627928604072,-0.75,-0.3,0.02,0.25,0.46,0.8,0.93
PTB-XL,ST_Elev_V1_count,10.431487682921235,11.0,5.165349032520022,0.0,33.0,4.0,2.0,26.68083062775553,-0.780341679899169,0.5173135756095397,0.0,0.0,9.0,11.0,13.0,17.0,21.0
PTB-XL,ST_Elev_V1_iqr,0.3494204668838219,0.2125,0.41137898796827427,0.0,3.925,0.3175000000000001,0.12749999999999992,0.16923267174180157,3.276580433344708,15.20172207473647,0.02,0.0424999999999999,0.1099999999999999,0.2125,0.4275,1.1151249999999984,2.1501250000000165
PTB-XL,ST_Elev_V2,0.24320765472312705,0.235,0.34942277131273525,-2.99,2.74,0.235,0.11499999999999999,0.12209627311187209,-1.440522991509251,14.236908903956014,-0.7,-0.29,0.12,0.235,0.355,0.88,0.955
PTB-XL,ST_Elev_V2_count,10.431487682921235,11.0,5.165349032520022,0.0,33.0,4.0,2.0,26.68083062775553,-0.780341679899169,0.5173135756095397,0.0,0.0,9.0,11.0,13.0,17.0,21.0
PTB-XL,ST_Elev_V2_iqr,0.1855363735070575,0.0775,0.3358171096619115,0.0,5.075,0.13499999999999998,0.0475,0.11277313114168026,5.070742821601191,36.10027241759373,0.01,0.0175,0.04,0.0775,0.175,0.75,1.6410750000000098
PTB-XL,ST_Elev_V3,0.17209066232356135,0.1699999999999999,0.36054307711519845,-3.0,2.98,0.24500000000000002,0.1249999999999999,0.12999131045569595,-0.9194796247669369,10.753399098424511,-0.77905,-0.38,0.035,0.1699999999999999,0.28,0.87,0.95
PTB-XL,ST_Elev_V3_count,10.431487682921235,11.0,5.165349032520022,0.0,33.0,4.0,2.0,26.68083062775553,-0.780341679899169,0.5173135756095397,0.0,0.0,9.0,11.0,13.0,17.0,21.0
PTB-XL,ST_Elev_V3_iqr,0.1782381921824104,0.0774999999999999,0.3288780068867155,0.0,5.375,0.1250000000000001,0.0474999999999999,0.10816074341377849,5.275150835277626,38.76099997283465,0.0099999999999999,0.0175,0.0399999999999999,0.0774999999999999,0.165,0.7150000000000001,1.6510750000000098
PTB-XL,ST_Elev_V4,0.06830917480998915,0.075,0.3586267173267144,-2.98,2.94,0.26,0.13,0.12861312238053513,-0.441817209236587,7.241028452167461,-0.81,-0.51,-0.07,0.075,0.19,0.815,0.92
PTB-XL,ST_Elev_V4_count,10.431487682921235,11.0,5.165349032520022,0.0,33.0,4.0,2.0,26.68083062775553,-0.780341679899169,0.5173135756095397,0.0,0.0,9.0,11.0,13.0,17.0,21.0
PTB-XL,ST_Elev_V4_iqr,0.20508089033659063,0.0925,0.3323952401215314,0.0,4.025,0.1450000000000001,0.05499999999999991,0.1104865956554505,4.117535547695664,22.860120300614746,0.01,0.02,0.0499999999999999,0.0925,0.195,0.85,1.655
PTB-XL,ST_Elev_V5,-0.027775787187839306,0.0,0.3664466574670706,-2.975,2.0,0.325,0.15,0.13428315276878858,-0.21695652002499843,4.354830861603416,-0.87,-0.64,-0.2,0.0,0.125,0.755,0.89
PTB-XL,ST_Elev_V5_count,10.431487682921235,11.0,5.165349032520022,0.0,33.0,4.0,2.0,26.68083062775553,-0.780341679899169,0.5173135756095397,0.0,0.0,9.0,11.0,13.0,17.0,21.0
PTB-XL,ST_Elev_V5_iqr,0.2346909609120521,0.1175,0.33736626393188596,0.0,4.225,0.1775,0.0675,0.11381599603935895,3.6195182098143404,17.4669807387687,0.0149999999999999,0.0274999999999999,0.0625,0.1175,0.24,0.91,1.7275
PTB-XL,ST_Elev_V6,-0.06636319218241042,-0.02,0.3613375306941991,-2.79,2.215,0.36,0.16,0.1305648110881813,0.11053305393740288,3.327290156760232,-0.865,-0.67,-0.26,-0.02,0.1,0.69,0.865
PTB-XL,ST_Elev_V6_count,10.431487682921235,11.0,5.165349032520022,0.0,33.0,4.0,2.0,26.68083062775553,-0.780341679899169,0.5173135756095397,0.0,0.0,9.0,11.0,13.0,17.0,21.0
PTB-XL,ST_Elev_V6_iqr,0.2784260314875136,0.1525,0.35237970263617924,0.0,3.88,0.22749999999999998,0.0875,0.12417145482996211,3.210384356914053,14.098010162570777,0.02,0.0375,0.0825,0.1525,0.31,0.995,1.75
PTB-XL,ST_Elev_aVF,-0.04563599348534202,-0.035,0.3403768010380922,-3.04,2.29,0.33999999999999997,0.165,0.11585636668492502,-0.36759798386131715,6.1130958257994905,-0.81905,-0.585,-0.22,-0.035,0.12,0.56,0.83
PTB-XL,ST_Elev_aVF_count,10.431487682921235,11.0,5.165349032520022,0.0,33.0,4.0,2.0,26.68083062775553,-0.780341679899169,0.5173135756095397,0.0,0.0,9.0,11.0,13.0,17.0,21.0
PTB-XL,ST_Elev_aVF_iqr,0.32017888165038,0.2,0.3592605666572438,0.0,3.745,0.2525000000000001,0.10500000000000001,0.12906815475488392,3.153340088333971,13.896551145829271,0.03,0.0549999999999999,0.1174999999999999,0.2,0.37,1.04,1.8070250000000034
PTB-XL,ST_Elev_aVL,0.021609663409337676,0.03,0.312257890880172,-2.835,1.98,0.31,0.155,0.09750499041693339,-0.12829336353646162,4.810882345459991,-0.73,-0.5,-0.13,0.03,0.18,0.5502499999999964,0.81
PTB-XL,ST_Elev_aVL_count,10.431487682921235,11.0,5.165349032520022,0.0,33.0,4.0,2.0,26.68083062775553,-0.780341679899169,0.5173135756095397,0.0,0.0,9.0,11.0,13.0,17.0,21.0
PTB-XL,ST_Elev_aVL_iqr,0.3458703854505971,0.24,0.3380278216160563,0.0,3.81,0.27249999999999996,0.12,0.1142628081864964,2.9686999757014636,12.942057022290285,0.037974999999999974,0.0699999999999999,0.145,0.24,0.4175,1.0,1.77
PTB-XL,ST_Elev_aVR,0.06728800217155266,0.02,0.2783793642148351,-2.83,2.89,0.265,0.12000000000000001,0.07749507042065581,-0.026394152578749816,13.625974992448938,-0.63905,-0.24,-0.08,0.02,0.185,0.56,0.79
PTB-XL,ST_Elev_aVR_count,10.431487682921235,11.0,5.165349032520022,0.0,33.0,4.0,2.0,26.68083062775553,-0.780341679899169,0.5173135756095397,0.0,0.0,9.0,11.0,13.0,17.0,21.0
PTB-XL,ST_Elev_aVR_iqr,0.25629248099891416,0.15,0.3190722193945956,0.0,3.86,0.1875000000000001,0.0725,0.10180708118939297,3.8743312759022124,20.889252477305295,0.0275,0.0474999999999999,0.0924999999999999,0.15,0.28,0.85,1.66
PTB-XL,S_Amp_V1,0.03310243589155466,0.05,0.14896157712400623,-2.27,4.78,0.05499999999999999,0.025,0.022189551459271258,-2.4311000155461144,80.2270118437067,-0.6650999999999999,-0.12,0.02,0.05,0.075,0.145,0.29
PTB-XL,S_Amp_V1_count,12.15899811917978,12.0,2.78004555084611,5.0,33.0,4.0,2.0,7.7286532647792505,1.280110537665156,3.2048071648401244,8.0,9.0,10.0,12.0,14.0,17.0,22.0
PTB-XL,S_Amp_V1_iqr,0.07911521170695901,0.045,0.12596422518592015,0.0,5.584999999999999,0.05500000000000001,0.024999999999999998,0.015866986026689203,9.686506635125111,238.80035990994585,0.005,0.01,0.0274999999999999,0.045,0.0824999999999999,0.25,0.61
PTB-XL,S_Amp_V2,-0.07898963255195192,-0.005,0.28136811808552914,-3.23,1.47,0.09,0.045,0.07916801787499228,-3.1273075769870764,13.913373456213272,-1.23,-0.715,-0.05,-0.005,0.04,0.12,0.26
PTB-XL,S_Amp_V2_count,12.15899811917978,12.0,2.78004555084611,5.0,33.0,4.0,2.0,7.7286532647792505,1.280110537665156,3.2048071648401244,8.0,9.0,10.0,12.0,14.0,17.0,22.0
PTB-XL,S_Amp_V2_iqr,0.08647965503004723,0.05,0.13355681386509344,0.0,3.03,0.06,0.025000000000000102,0.017837422529795213,6.612892708989026,73.23174880312108,0.0075,0.01,0.03,0.05,0.09,0.2724999999999999,0.675
PTB-XL,S_Amp_V3,-0.2677496674159365,-0.07,0.3785850534991148,-3.645,1.15,0.485,0.1,0.1433266427329276,-1.4288021582241601,2.519845682636423,-1.41,-1.01,-0.5,-0.07,-0.015,0.08,0.2
PTB-XL,S_Amp_V3_count,12.15899811917978,12.0,2.78004555084611,5.0,33.0,4.0,2.0,7.7286532647792505,1.280110537665156,3.2048071648401244,8.0,9.0,10.0,12.0,14.0,17.0,22.0
PTB-XL,S_Amp_V3_iqr,0.09694355245653469,0.0575,0.14880279381729486,0.0,3.14,0.06750000000000012,0.029999999999999992,0.022142271447832367,6.618090162753891,72.71710616617888,0.0099999999999999,0.0125,0.0324999999999999,0.0575,0.1,0.3,0.7600500000000011
PTB-XL,T_Amp_I,0.07625647965503005,0.09,0.13934641877048476,-5.46,1.085,0.17,0.08000000000000002,0.019417424424159307,-3.341172025932819,116.91825273549924,-0.33,-0.14,-0.01,0.09,0.16,0.27,0.37
PTB-XL,T_Amp_II,0.10957429239873387,0.11,0.13551360224388007,-2.48,1.9,0.16,0.08,0.01836393639311254,-0.5477790522274962,14.475488702698435,-0.23,-0.08,0.03,0.11,0.19,0.31,0.43
PTB-XL,T_Amp_III,0.031987247121427594,0.03,0.143305625310842,-2.08,5.63,0.115,0.06,0.02053650224573144,3.1601493798148375,129.97026947440165,-0.26,-0.14,-0.035,0.03,0.08,0.23,0.49
PTB-XL,T_Amp_III_count,12.15899811917978,12.0,2.78004555084611,5.0,33.0,4.0,2.0,7.7286532647792505,1.280110537665156,3.2048071648401244,8.0,9.0,10.0,12.0,14.0,17.0,22.0
PTB-XL,T_Amp_III_iqr,0.07403906142483598,0.05,0.09492030683293745,0.0,2.1750000000000003,0.05249999999999991,0.022499999999999992,0.009009864649258991,6.647034353378215,74.12271280103812,0.0099999999999999,0.015,0.03,0.05,0.0824999999999999,0.205,0.4775500000000011
PTB-XL,T_Amp_II_count,12.15899811917978,12.0,2.78004555084611,5.0,33.0,4.0,2.0,7.7286532647792505,1.280110537665156,3.2048071648401244,8.0,9.0,10.0,12.0,14.0,17.0,22.0
PTB-XL,T_Amp_II_iqr,0.07065794302490938,0.0499999999999999,0.0870188321859969,0.0,2.69,0.05,0.0224999999999999,0.007572277155014691,7.259459486873881,112.9518595165275,0.0099999999999999,0.015,0.03,0.0499999999999999,0.08,0.19524999999999637,0.4201000000000022
PTB-XL,T_Amp_I_count,12.15899811917978,12.0,2.78004555084611,5.0,33.0,4.0,2.0,7.7286532647792505,1.280110537665156,3.2048071648401244,8.0,9.0,10.0,12.0,14.0,17.0,22.0
PTB-XL,T_Amp_I_iqr,0.05874065324097432,0.0424999999999999,0.06769116360106688,0.0,3.83,0.037500000000000006,0.017499999999999998,0.0045820936296664,12.587260777660822,486.30073626579224,0.0099999999999999,0.015,0.03,0.0424999999999999,0.0675,0.15,0.33
PTB-XL,T_Amp_V1,0.05231019771549154,0.02,0.18404519676725165,-1.37,5.53,0.16499999999999998,0.08,0.03387263445309638,2.7058948086386096,44.949440333158954,-0.33,-0.16,-0.045,0.02,0.12,0.35,0.6902000000000044
PTB-XL,T_Amp_V1_count,12.15899811917978,12.0,2.78004555084611,5.0,33.0,4.0,2.0,7.7286532647792505,1.280110537665156,3.2048071648401244,8.0,9.0,10.0,12.0,14.0,17.0,22.0
PTB-XL,T_Amp_V1_iqr,0.07735469516950316,0.045,0.12694496676963574,0.0,5.545,0.05,0.0225,0.016115024588143925,11.501808066677674,304.0544888472816,0.0099999999999999,0.0125,0.0299999999999999,0.045,0.0799999999999999,0.24,0.5900500000000012
PTB-XL,T_Amp_V2,0.3081680352309739,0.285,0.3018093719387934,-3.27,3.425,0.37,0.18499999999999997,0.09108889699008894,0.7072696522042571,6.058212758449612,-0.34,-0.06549999999999953,0.1,0.285,0.47,0.8054999999999928,1.215
PTB-XL,T_Amp_V2_count,12.15899811917978,12.0,2.78004555084611,5.0,33.0,4.0,2.0,7.7286532647792505,1.280110537665156,3.2048071648401244,8.0,9.0,10.0,12.0,14.0,17.0,22.0
PTB-XL,T_Amp_V2_iqr,0.09319693563924947,0.0575,0.142103651520186,0.0,3.94,0.06,0.027500000000000004,0.020193447775370462,7.571855451205773,99.07707899217803,0.0099999999999999,0.0175,0.035,0.0575,0.095,0.2774999999999999,0.7351000000000022
PTB-XL,T_Amp_V3,0.30361461534932793,0.28,0.30807448173580027,-5.1,3.17,0.36,0.18000000000000002,0.09490988629678193,0.2738150896604727,9.318866446442431,-0.395,-0.09,0.11,0.28,0.47,0.8,1.1901000000000022
PTB-XL,T_Amp_V3_count,12.15899811917978,12.0,2.78004555084611,5.0,33.0,4.0,2.0,7.7286532647792505,1.280110537665156,3.2048071648401244,8.0,9.0,10.0,12.0,14.0,17.0,22.0
PTB-XL,T_Amp_V3_iqr,0.09736169090325242,0.055,0.16252114310158905,0.0,5.49,0.065,0.025,0.02641312195504718,9.25660967548077,173.18205670520433,0.0099999999999999,0.0175,0.0349999999999999,0.055,0.0999999999999999,0.305,0.7875500000000011
PTB-XL,T_Amp_V4,0.20916322598403525,0.2,0.2685801699676995,-9.955,2.98,0.295,0.14999999999999997,0.07213530769987837,-2.4172028637308833,99.18439304806753,-0.46,-0.14,0.055,0.2,0.35,0.62,0.91
PTB-XL,T_Amp_V4_count,12.158401761548696,12.0,2.7812591541534117,0.0,33.0,4.0,2.0,7.735402482562152,1.2752445869861584,3.2118341758079536,8.0,9.0,10.0,12.0,14.0,17.0,22.0
PTB-XL,T_Amp_V4_iqr,0.0914551793742545,0.0549999999999999,0.14855590481132,0.0,5.904999999999999,0.0675,0.0250000000000001,0.022068856854309968,10.88537182366475,246.13035807275674,0.0099999999999999,0.015,0.03,0.0549999999999999,0.0975,0.2724999999999999,0.6749999999999999
PTB-XL,T_Amp_V5,0.12878199834847234,0.13,0.2102100291526785,-1.72,6.565,0.24,0.12,0.04418825635636994,0.8453475683984715,44.14136906466118,-0.48,-0.19,0.01,0.13,0.25,0.44,0.63
PTB-XL,T_Amp_V5_count,12.158401761548696,12.0,2.7812591541534117,0.0,33.0,4.0,2.0,7.735402482562152,1.2752445869861584,3.2118341758079536,8.0,9.0,10.0,12.0,14.0,17.0,22.0
PTB-XL,T_Amp_V5_iqr,0.09319719699054956,0.0525,0.1732405653183462,0.0,13.1275,0.07,0.027500000000000004,0.030012293471820172,26.350559756406728,1605.4800555561799,0.0099999999999999,0.0149999999999999,0.03,0.0525,0.1,0.29,0.66
PTB-XL,T_Amp_V6,0.0836003303055326,0.09,0.16479990843739994,-2.055,1.3650000000000002,0.185,0.09,0.027159009820975407,-0.823587748004871,5.98693537889366,-0.435,-0.18,-0.005,0.09,0.18,0.325,0.46
PTB-XL,T_Amp_V6_count,12.158401761548696,12.0,2.7812591541534117,0.0,33.0,4.0,2.0,7.735402482562152,1.2752445869861584,3.2118341758079536,8.0,9.0,10.0,12.0,14.0,17.0,22.0
PTB-XL,T_Amp_V6_iqr,0.0981582025873933,0.05,0.160158921855601,0.0,3.74,0.0750000000000001,0.030000000000000002,0.025650880249948507,7.294588939200793,95.52472201218607,0.0075,0.01,0.0299999999999999,0.05,0.105,0.335,0.7625
PTB-XL,T_Amp_aVF,0.07098559566952613,0.07,0.12016558515344748,-2.29,2.88,0.12000000000000001,0.060000000000000005,0.014439767855270437,0.5506845740935962,38.78303808581124,-0.2,-0.0849999999999999,0.01,0.07,0.13,0.24,0.40010000000000223
PTB-XL,T_Amp_aVF_count,12.15899811917978,12.0,2.78004555084611,5.0,33.0,4.0,2.0,7.7286532647792505,1.280110537665156,3.2048071648401244,8.0,9.0,10.0,12.0,14.0,17.0,22.0
PTB-XL,T_Amp_aVF_iqr,0.06614615349327949,0.045,0.08496719423030273,0.0,2.43,0.0475000000000001,0.0225,0.00721942409536999,7.228262458443593,100.94170605697072,0.0099999999999999,0.01,0.0274999999999999,0.045,0.075,0.185,0.4175500000000011
PTB-XL,T_Amp_aVL,0.01731065645213083,0.02,0.12336010163974417,-5.53,1.355,0.11,0.05500000000000001,0.015217714676568014,-5.084777607230584,195.7510952595954,-0.39,-0.17,-0.03,0.02,0.08,0.17,0.26
PTB-XL,T_Amp_aVL_count,12.15899811917978,12.0,2.78004555084611,5.0,33.0,4.0,2.0,7.7286532647792505,1.280110537665156,3.2048071648401244,8.0,9.0,10.0,12.0,14.0,17.0,22.0
PTB-XL,T_Amp_aVL_iqr,0.058226868204963506,0.04,0.06540105983202621,0.0,1.2825,0.0375000000000001,0.0175,0.004277298627152272,5.315079557062688,44.32365670992545,0.0099999999999999,0.0125,0.0274999999999999,0.04,0.065,0.155,0.34
PTB-XL,T_Amp_aVR,-0.10531102344144228,-0.11,0.11539017498950181,-1.25,2.63,0.13999999999999999,0.06999999999999999,0.01331489248410785,1.301347818462033,19.227459893440944,-0.35,-0.28,-0.18,-0.11,-0.04,0.08,0.22
PTB-XL,T_Amp_aVR_count,12.15899811917978,12.0,2.78004555084611,5.0,33.0,4.0,2.0,7.7286532647792505,1.280110537665156,3.2048071648401244,8.0,9.0,10.0,12.0,14.0,17.0,22.0
PTB-XL,T_Amp_aVR_iqr,0.05384627735217209,0.0399999999999999,0.05868409936515454,0.0,2.165,0.0350000000000001,0.017499999999999998,0.0034438235182993318,7.607275929492057,143.38672086214027,0.0099999999999999,0.0124999999999999,0.0249999999999999,0.0399999999999999,0.06,0.14,0.28005000000000113
