Dataset,Feature,N,Skewness,Kurtosis,Shapiro_Wilk_Stat,Shapiro_Wilk_pvalue,Anderson_Darling_Stat,AD_Is_Gaussian_5pct,DAgostino_K2_Stat,DAgostino_K2_pvalue,Practically_Normal,Formal_Consensus,Approx_Gaussian
MIMIC-IV,QRS_Dur_Global,407446,0.752172262696541,0.8890739739510671,0.971194311761356,1.4287092274907666e-30,3042.454673723725,False,37443.46038108629,0.0,True,False,True
MIMIC-IV,QRS_Dur_Global_count,407446,0.8874344422246127,1.0547904101360812,0.9483275972906341,9.492525116490481e-39,5716.507463497168,False,48601.61326293697,0.0,True,False,True
MIMIC-IV,QRS_Dur_Global_iqr,407446,1.6211545629077813,7.963076197153452,0.9129452575816722,6.612647166283177e-47,4026.8693364210194,False,155206.18733417994,0.0,False,False,False
MIMIC-IV,Q_Amp_I,407446,24.594292134627878,4870.952732462301,0.38524598686711786,1.112610294572088e-84,43193.46773799759,False,998136.0153447662,0.0,False,False,False
MIMIC-IV,Q_Amp_II,407446,8.621503712368343,1023.4745790809886,0.7989811171623558,1.1008267544178104e-61,29369.75868439226,False,637430.3152082434,0.0,False,False,False
MIMIC-IV,Q_Amp_III,407446,33.16106176902543,6507.810547779167,0.6463579033972455,7.702898295663638e-73,17835.270515961514,False,1116095.8668386568,0.0,False,False,False
MIMIC-IV,Q_Amp_III_count,407446,0.8883875138143162,1.0545099654317696,0.9482124898685549,8.79636232796176e-39,5727.42975444044,False,48665.906689542295,0.0,True,False,True
MIMIC-IV,Q_Amp_III_iqr,407446,307.99727682858327,112526.98383638753,0.379023633633366,6.64107466638525e-85,117308.55846319976,False,2247193.860885081,0.0,False,False,False
MIMIC-IV,Q_Amp_II_count,407446,0.8883875138143162,1.0545099654317696,0.9482124898685549,8.79636232796176e-39,5727.42975444044,False,48665.906689542295,0.0,True,False,True
MIMIC-IV,Q_Amp_II_iqr,407446,336.77312945515337,134657.17124432363,0.3763674620454285,5.33537969491653e-85,120920.84952955157,False,2301848.9653866673,0.0,False,False,False
MIMIC-IV,Q_Amp_I_count,407446,0.8883875138143162,1.0545099654317696,0.9482124898685549,8.79636232796176e-39,5727.42975444044,False,48665.906689542295,0.0,True,False,True
MIMIC-IV,Q_Amp_I_iqr,407446,385.94449401352443,186333.53358669963,0.3353542668849724,2.0044673127491992e-86,122572.50373130885,False,2386734.1581515437,0.0,False,False,False
MIMIC-IV,Q_Amp_V1,407446,13.608993131722748,3412.2292154959578,0.6278590888428006,6.807562678043768e-74,43919.92393728142,False,790419.869236398,0.0,False,False,False
MIMIC-IV,Q_Amp_V1_count,407446,0.8883875138143162,1.0545099654317696,0.9482124898685549,8.79636232796176e-39,5727.42975444044,False,48665.906689542295,0.0,True,False,True
MIMIC-IV,Q_Amp_V1_iqr,407446,216.8590121567657,59124.29046628834,0.33523042874273035,1.9852378729172224e-86,129760.41172017879,False,2039376.4959020836,0.0,False,False,False
MIMIC-IV,Q_Amp_V2,407446,9.917678930654064,1420.2898114043137,0.6542213004208663,2.2329471471599858e-72,16143.200089535967,False,682369.241077146,0.0,False,False,False
MIMIC-IV,Q_Amp_V2_count,407446,0.8883875138143162,1.0545099654317696,0.9482124898685549,8.79636232796176e-39,5727.42975444044,False,48665.906689542295,0.0,True,False,True
MIMIC-IV,Q_Amp_V2_iqr,407446,229.5755402459805,70171.80213189637,0.04404543406532313,8.668098756192134e-95,118086.82019035215,False,2072731.9027661167,0.0,False,False,False
MIMIC-IV,Q_Amp_V3,407446,9.104519325627605,1088.0162986353832,0.7679537669529735,1.9830295366336935e-64,13153.228890852828,False,653633.0829441282,0.0,False,False,False
MIMIC-IV,Q_Amp_V3_count,407446,0.8883875138143162,1.0545099654317696,0.9482124898685549,8.79636232796176e-39,5727.42975444044,False,48665.906689542295,0.0,True,False,True
MIMIC-IV,Q_Amp_V3_iqr,407446,179.2132847440013,43301.75425896166,0.290383900889011,6.675120322771635e-88,119055.95183210529,False,1931050.680263946,0.0,False,False,False
MIMIC-IV,Q_Amp_V4,407446,11.81248743763062,1271.252332976169,0.461126439098432,8.914757617348589e-82,33518.01272829517,False,732334.1121407091,0.0,False,False,False
MIMIC-IV,Q_Amp_V4_count,407446,0.8883875138143162,1.0545099654317696,0.9482124898685549,8.79636232796176e-39,5727.42975444044,False,48665.906689542295,0.0,True,False,True
MIMIC-IV,Q_Amp_V4_iqr,407446,158.21562642347166,33962.692454106036,0.0246957294011676,2.919512432049189e-95,122723.65640396299,False,1861706.0271102472,0.0,False,False,False
MIMIC-IV,Q_Amp_V5,407446,19.39608721919928,2836.0769892795797,0.6080535200590569,5.668845318538383e-75,52767.62544850074,False,906152.7337288901,0.0,False,False,False
MIMIC-IV,Q_Amp_V5_count,407446,0.8883875138143162,1.0545099654317696,0.9482124898685549,8.79636232796176e-39,5727.42975444044,False,48665.906689542295,0.0,True,False,True
MIMIC-IV,Q_Amp_V5_iqr,407446,191.12073186601177,47903.68456928267,0.08162364559030344,7.588231843038164e-94,126545.58214626391,False,1967226.4693666454,0.0,False,False,False
MIMIC-IV,Q_Amp_V6,407446,26.934314690063054,4827.193888213958,0.3121660592005884,3.3857531865593445e-87,63414.3591782304,False,1032124.9887569742,0.0,False,False,False
MIMIC-IV,Q_Amp_V6_count,407446,0.8883875138143162,1.0545099654317696,0.9482124898685549,8.79636232796176e-39,5727.42975444044,False,48665.906689542295,0.0,True,False,True
MIMIC-IV,Q_Amp_V6_iqr,407446,199.90498419097986,52162.34936814955,0.09931388716015499,2.164704610027358e-93,130303.85903342522,False,1992784.8365000156,0.0,False,False,False
MIMIC-IV,Q_Amp_aVF,407446,42.33366212334494,7268.331210825339,0.5115384682344677,1.2060030375552037e-79,31829.020862177247,False,1217103.415902367,0.0,False,False,False
MIMIC-IV,Q_Amp_aVF_count,407446,0.8883875138143162,1.0545099654317696,0.9482124898685549,8.79636232796176e-39,5727.42975444044,False,48665.906689542295,0.0,True,False,True
MIMIC-IV,Q_Amp_aVF_iqr,407446,277.8236230801842,89094.36322500632,0.3623897824567319,1.7082985322952655e-85,128384.73381933791,False,2184834.682770325,0.0,False,False,False
MIMIC-IV,Q_Amp_aVL,407446,32.34840390532892,5221.918972761618,0.8146946771726751,3.721081998027137e-60,19879.86527689523,False,1103957.99176015,0.0,False,False,False
MIMIC-IV,Q_Amp_aVL_count,407446,0.8883875138143162,1.0545099654317696,0.9482124898685549,8.79636232796176e-39,5727.42975444044,False,48665.906689542295,0.0,True,False,True
MIMIC-IV,Q_Amp_aVL_iqr,407446,308.42039841737767,110173.67418011614,0.3957662241747939,2.6899710015133714e-84,121692.58451392851,False,2247932.061542486,0.0,False,False,False
MIMIC-IV,Q_Amp_aVR,407446,92.22792705653173,19746.102722809304,0.5826987866992838,2.7404738244215978e-76,47148.29443020432,False,1580118.629327141,0.0,False,False,False
MIMIC-IV,Q_Amp_aVR_count,407446,0.8883875138143162,1.0545099654317696,0.9482124898685549,8.79636232796176e-39,5727.42975444044,False,48665.906689542295,0.0,True,False,True
MIMIC-IV,Q_Amp_aVR_iqr,407446,307.3845623436702,104152.60947920066,0.36538074205852056,2.1757226545584444e-85,135653.69852675172,False,2245683.247881004,0.0,False,False,False
MIMIC-IV,RR_Mean_Global,407446,0.8243867917855903,4.016698810360874,0.9765819305580783,6.447326073075206e-28,1265.4669813031796,False,73048.76298516538,0.0,True,False,True
MIMIC-IV,RR_Mean_Global_count,407446,0.8883875138143162,1.0545099654317696,0.9482124898685549,8.79636232796176e-39,5727.42975444044,False,48665.906689542295,0.0,True,False,True
MIMIC-IV,RR_Mean_Global_iqr,407446,5.721285976385512,107.91059450170485,0.5754902801643809,1.1921022768747752e-76,57999.6771067385,False,477755.6367266108,0.0,False,False,False
MIMIC-IV,R_Amp_I,407446,-61.293955282836734,5203.454036018587,0.924209839275199,1.164825183180534e-44,63393.85824572283,False,1375416.6054723077,0.0,False,False,False
MIMIC-IV,R_Amp_II,407446,-62.36863324049171,8564.93945641366,0.9432285191758966,3.677134421549496e-40,23489.12728410936,False,1388288.4956923116,0.0,False,False,False
MIMIC-IV,R_Amp_III,407446,-44.86216956834142,2985.60215254089,0.9042801028557483,1.7761420381942947e-48,40447.37223511317,False,1231688.912509448,0.0,False,False,False
MIMIC-IV,R_Amp_III_count,407446,0.8883875138143162,1.0545099654317696,0.9482124898685549,8.79636232796176e-39,5727.42975444044,False,48665.906689542295,0.0,True,False,True
MIMIC-IV,R_Amp_III_iqr,407446,85.30416784319252,10248.225267846028,0.07702189943592586,5.793881660843486e-94,129037.42726691253,False,1536934.7863369165,0.0,False,False,False
MIMIC-IV,R_Amp_II_count,407446,0.8883875138143162,1.0545099654317696,0.9482124898685549,8.79636232796176e-39,5727.42975444044,False,48665.906689542295,0.0,True,False,True
MIMIC-IV,R_Amp_II_iqr,407446,166.97707955411144,35624.68402983575,0.27318170169249323,1.908544517334248e-88,130910.2227326982,False,1891206.2376899002,0.0,False,False,False
MIMIC-IV,R_Amp_I_count,407446,0.8883875138143162,1.0545099654317696,0.9482124898685549,8.79636232796176e-39,5727.42975444044,False,48665.906689542295,0.0,True,False,True
MIMIC-IV,R_Amp_I_iqr,407446,105.68169507759399,16928.32586108226,0.4047012574535861,5.753672980105798e-84,134248.49357531534,False,1646671.4168139875,0.0,False,False,False
MIMIC-IV,R_Amp_V1,407446,-37.32636239592783,5518.975233493215,0.7878070149224297,1.0342038864672708e-62,22573.894959608442,False,1162133.1702830573,0.0,False,False,False
MIMIC-IV,R_Amp_V1_count,407446,0.8883875138143162,1.0545099654317696,0.9482124898685549,8.79636232796176e-39,5727.42975444044,False,48665.906689542295,0.0,True,False,True
MIMIC-IV,R_Amp_V1_iqr,407446,177.52631978608022,39185.56539910961,0.2679890897400916,1.3145046990090704e-88,125389.26055097044,False,1925285.7777853492,0.0,False,False,False
MIMIC-IV,R_Amp_V2,407446,-24.684290135458564,2084.6985962359217,0.8570412207037537,2.0539375547725833e-55,14214.329171697435,False,988833.7085759214,0.0,False,False,False
MIMIC-IV,R_Amp_V2_count,407446,0.8883875138143162,1.0545099654317696,0.9482124898685549,8.79636232796176e-39,5727.42975444044,False,48665.906689542295,0.0,True,False,True
MIMIC-IV,R_Amp_V2_iqr,407446,118.74228049978521,19399.257329650256,0.06812094916799816,3.449615943487934e-94,122099.04481996689,False,1706902.2601793003,0.0,False,False,False
MIMIC-IV,R_Amp_V3,407446,-19.21035964143616,1595.626129037452,0.8769308688652104,9.10658835265804e-53,8319.521960564307,False,894641.2184159526,0.0,False,False,False
MIMIC-IV,R_Amp_V3_count,407446,0.8883875138143162,1.0545099654317696,0.9482124898685549,8.79636232796176e-39,5727.42975444044,False,48665.906689542295,0.0,True,False,True
MIMIC-IV,R_Amp_V3_iqr,407446,143.51047147944072,28293.140667777636,0.061084575249414796,2.2965277617940775e-94,122030.47759208421,False,1808373.564768727,0.0,False,False,False
MIMIC-IV,R_Amp_V4,407446,-15.571824668408524,1255.9063897702174,0.8841685147100333,1.0261054373012958e-51,6479.883579280926,False,819645.4876457811,0.0,False,False,False
MIMIC-IV,R_Amp_V4_count,407446,0.8883875138143162,1.0545099654317696,0.9482124898685549,8.79636232796176e-39,5727.42975444044,False,48665.906689542295,0.0,True,False,True
MIMIC-IV,R_Amp_V4_iqr,407446,126.46913410442494,21195.934771654334,0.15638394827589708,7.231900518083896e-92,123428.46108250367,False,1740086.9697950964,0.0,False,False,False
MIMIC-IV,R_Amp_V5,407446,-24.428878981463022,2612.5553743618543,0.8800948734898139,2.5863893884478446e-52,11907.167556421598,False,988085.977599774,0.0,False,False,False
MIMIC-IV,R_Amp_V5_count,407446,0.8883875138143162,1.0545099654317696,0.9482124898685549,8.79636232796176e-39,5727.42975444044,False,48665.906689542295,0.0,True,False,True
MIMIC-IV,R_Amp_V5_iqr,407446,157.99240370302,32142.704773249094,0.35839176551443175,1.2382886518036757e-85,122645.20211186877,False,1860613.7545452928,0.0,False,False,False
MIMIC-IV,R_Amp_V6,407446,-40.34792035749566,5552.74011571433,0.7074949385126423,5.506435365748829e-69,19024.001263006707,False,1194293.748442813,0.0,False,False,False
MIMIC-IV,R_Amp_V6_count,407446,0.8883875138143162,1.0545099654317696,0.9482124898685549,8.79636232796176e-39,5727.42975444044,False,48665.906689542295,0.0,True,False,True
MIMIC-IV,R_Amp_V6_iqr,407446,176.5200921306018,39004.30705573032,0.123382981992461,9.279164541259973e-93,127298.17074520513,False,1922134.0589004725,0.0,False,False,False
MIMIC-IV,R_Amp_aVF,407446,-58.77572430328609,4832.467350574802,0.9499474657587312,2.813536709489748e-38,56636.435124402284,False,1355653.9381364444,0.0,False,False,False
MIMIC-IV,R_Amp_aVF_count,407446,0.8883875138143162,1.0545099654317696,0.9482124898685549,8.79636232796176e-39,5727.42975444044,False,48665.906689542295,0.0,True,False,True
MIMIC-IV,R_Amp_aVF_iqr,407446,105.83529252629599,15406.91289185302,0.30358671906031887,1.7767106287608072e-87,133434.01471731602,False,1646691.888178985,0.0,False,False,False
MIMIC-IV,R_Amp_aVL,407446,-56.356063840966215,5808.38281826728,0.9412124628715903,1.0846743291219544e-40,29046.151069779415,False,1338788.14517951,0.0,False,False,False
MIMIC-IV,R_Amp_aVL_count,407446,0.8883875138143162,1.0545099654317696,0.9482124898685549,8.79636232796176e-39,5727.42975444044,False,48665.906689542295,0.0,True,False,True
MIMIC-IV,R_Amp_aVL_iqr,407446,125.2981728246361,21385.094362439686,0.3081380162084951,2.499196846881357e-87,130440.52796925814,False,1735320.9579669703,0.0,False,False,False
MIMIC-IV,R_Amp_aVR,407446,-88.62812683921359,13277.941371307335,0.8498360485475321,2.687102432289717e-56,44281.89102377172,False,1557657.81814449,0.0,False,False,False
MIMIC-IV,R_Amp_aVR_count,407446,0.8883875138143162,1.0545099654317696,0.9482124898685549,8.79636232796176e-39,5727.42975444044,False,48665.906689542295,0.0,True,False,True
MIMIC-IV,R_Amp_aVR_iqr,407446,193.6118044621211,44274.19764301106,0.33179032221836924,1.519802272632739e-86,139715.00625263713,False,1974019.4775154297,0.0,False,False,False
MIMIC-IV,ST_Elev_I,407446,-99.87454221848594,32971.86200924411,0.3461140331118606,4.659598605172711e-86,51225.47632824059,False,1622843.1444665918,0.0,False,False,False
MIMIC-IV,ST_Elev_II,407446,-150.16546406881167,46972.887344566414,0.4207805280635616,2.3180167619751827e-83,58879.71057783521,False,1835478.7866851005,0.0,False,False,False
MIMIC-IV,ST_Elev_III,407446,-154.18735021573377,51582.10816695687,0.634379023137753,1.581738778857193e-73,73527.825204022,False,1850143.0043224895,0.0,False,False,False
MIMIC-IV,ST_Elev_III_count,407446,0.8883875138143162,1.0545099654317696,0.9482124898685549,8.79636232796176e-39,5727.42975444044,False,48665.906689542295,0.0,True,False,True
MIMIC-IV,ST_Elev_III_iqr,407446,323.30673229870064,122929.33778633519,0.32935923925019683,1.259230665896955e-86,130560.6847932057,False,2276757.93113621,0.0,False,False,False
MIMIC-IV,ST_Elev_II_count,407446,0.8883875138143162,1.0545099654317696,0.9482124898685549,8.79636232796176e-39,5727.42975444044,False,48665.906689542295,0.0,True,False,True
MIMIC-IV,ST_Elev_II_iqr,407446,363.637139942172,154449.49682140612,0.4882143568547158,1.1825023603617167e-80,130643.65656299284,False,2349294.228127491,0.0,False,False,False
MIMIC-IV,ST_Elev_I_count,407446,0.8883875138143162,1.0545099654317696,0.9482124898685549,8.79636232796176e-39,5727.42975444044,False,48665.906689542295,0.0,True,False,True
MIMIC-IV,ST_Elev_I_iqr,407446,479.3579188838059,254408.93907071202,0.5545471296611406,1.1353458536755649e-77,122782.87309584883,False,2524353.144166547,0.0,False,False,False
MIMIC-IV,ST_Elev_V1,407446,-39.091477040781555,11705.266404705524,0.17857984541298944,2.9942049759381146e-91,98307.86723915196,False,1188203.6772874412,0.0,False,False,False
MIMIC-IV,ST_Elev_V1_count,407446,0.8883875138143162,1.0545099654317696,0.9482124898685549,8.79636232796176e-39,5727.42975444044,False,48665.906689542295,0.0,True,False,True
MIMIC-IV,ST_Elev_V1_iqr,407446,227.35512154390682,59481.73663770864,0.28031249071134146,3.196932902190942e-88,136658.26447743422,False,2066364.880017665,0.0,False,False,False
MIMIC-IV,ST_Elev_V2,407446,-38.996301932780234,10641.970473755955,0.1842282086427275,4.321335823454115e-91,74140.96128795668,False,1186389.621065388,0.0,False,False,False
MIMIC-IV,ST_Elev_V2_count,407446,0.8883875138143162,1.0545099654317696,0.9482124898685549,8.79636232796176e-39,5727.42975444044,False,48665.906689542295,0.0,True,False,True
MIMIC-IV,ST_Elev_V2_iqr,407446,250.61497432188443,77860.9821893571,0.02368636575558858,2.7598295719885195e-95,130320.76083038014,False,2123838.121471112,0.0,False,False,False
MIMIC-IV,ST_Elev_V3,407446,-53.633000162485686,12846.561141265232,0.18419181440492272,4.311101918437072e-91,74377.38497450238,False,1324117.920969362,0.0,False,False,False
MIMIC-IV,ST_Elev_V3_count,407446,0.8883875138143162,1.0545099654317696,0.9482124898685549,8.79636232796176e-39,5727.42975444044,False,48665.906689542295,0.0,True,False,True
MIMIC-IV,ST_Elev_V3_iqr,407446,221.8482583794135,57942.05722171521,0.10290882150193159,2.684521398096862e-93,135314.9107382911,False,2052223.9664895097,0.0,False,False,False
MIMIC-IV,ST_Elev_V4,407446,-59.668390367873144,15708.476675083813,0.10322610042990932,2.7360989507183024e-93,88300.69972243061,False,1373312.0514936545,0.0,False,False,False
MIMIC-IV,ST_Elev_V4_count,407446,0.8883875138143162,1.0545099654317696,0.9482124898685549,8.79636232796176e-39,5727.42975444044,False,48665.906689542295,0.0,True,False,True
MIMIC-IV,ST_Elev_V4_iqr,407446,184.57497018430624,40813.94058713702,0.06513894177544177,2.9023123998575813e-94,138094.1148842997,False,1947003.0845027873,0.0,False,False,False
MIMIC-IV,ST_Elev_V5,407446,-66.5509605931881,16824.89972979826,0.1844216249734809,4.3761394589263253e-91,99420.68148247554,False,1423638.678037588,0.0,False,False,False
MIMIC-IV,ST_Elev_V5_count,407446,0.8883875138143162,1.0545099654317696,0.9482124898685549,8.79636232796176e-39,5727.42975444044,False,48665.906689542295,0.0,True,False,True
MIMIC-IV,ST_Elev_V5_iqr,407446,203.41879776131236,47515.401237924016,0.3703757013105221,3.265743674035387e-85,139420.14278958458,False,2002080.668082581,0.0,False,False,False
MIMIC-IV,ST_Elev_V6,407446,-62.524114581919584,17117.22207362757,0.11929302557122301,7.228332832739345e-93,105448.29893550032,False,1395155.4772543432,0.0,False,False,False
MIMIC-IV,ST_Elev_V6_count,407446,0.8883875138143162,1.0545099654317696,0.9482124898685549,8.79636232796176e-39,5727.42975444044,False,48665.906689542295,0.0,True,False,True
MIMIC-IV,ST_Elev_V6_iqr,407446,224.31654318776896,62304.68245406754,0.05535028603246128,1.6516722068484729e-94,137750.7171424128,False,2058898.4928524212,0.0,False,False,False
MIMIC-IV,ST_Elev_aVF,407446,-104.67179565677291,29607.263422134485,0.6162164898185738,1.5581950851714341e-74,62800.75652812945,False,1645648.9398017442,0.0,False,False,False
MIMIC-IV,ST_Elev_aVF_count,407446,0.8883875138143162,1.0545099654317696,0.9482124898685549,8.79636232796176e-39,5727.42975444044,False,48665.906689542295,0.0,True,False,True
MIMIC-IV,ST_Elev_aVF_iqr,407446,365.159891492664,149853.04581172852,0.43803185467283334,1.0734342792212811e-82,134861.46564798825,False,2351754.610501291,0.0,False,False,False
MIMIC-IV,ST_Elev_aVL,407446,-172.16349328728305,50521.001764883986,0.7547856185173909,1.6813390287741425e-65,71965.43255657249,False,1909839.9512743463,0.0,False,False,False
MIMIC-IV,ST_Elev_aVL_count,407446,0.8883875138143162,1.0545099654317696,0.9482124898685549,8.79636232796176e-39,5727.42975444044,False,48665.906689542295,0.0,True,False,True
MIMIC-IV,ST_Elev_aVL_iqr,407446,319.3761732743197,115025.78934497015,0.3831865404232121,9.37461178161449e-85,134298.89897861914,False,2269108.6023249906,0.0,False,False,False
MIMIC-IV,ST_Elev_aVR,407446,-139.65041938443628,32299.383020810714,0.35059897720483746,6.646569315797604e-86,65093.37239035207,False,1794751.290876291,0.0,False,False,False
MIMIC-IV,ST_Elev_aVR_count,407446,0.8883875138143162,1.0545099654317696,0.9482124898685549,8.79636232796176e-39,5727.42975444044,False,48665.906689542295,0.0,True,False,True
MIMIC-IV,ST_Elev_aVR_iqr,407446,374.2065742900774,155433.12497618882,0.5719463149988986,7.952624661754465e-77,137280.9795560958,False,2366975.932845069,0.0,False,False,False
MIMIC-IV,S_Amp_V1,407446,-25.74463833038727,6469.051622770029,0.37249691761935877,3.883756184105527e-85,74539.54177512822,False,1018172.7231973115,0.0,False,False,False
MIMIC-IV,S_Amp_V1_count,407446,0.8883875138143162,1.0545099654317696,0.9482124898685549,8.79636232796176e-39,5727.42975444044,False,48665.906689542295,0.0,True,False,True
MIMIC-IV,S_Amp_V1_iqr,407446,197.82436623991867,55742.50064284079,0.27625536521797234,2.3825047414236758e-88,120620.55757832318,False,1987261.9649682401,0.0,False,False,False
MIMIC-IV,S_Amp_V2,407446,-14.29735153454511,2849.415708469799,0.5555646238227662,1.2699224221614644e-77,54795.98057452071,False,803901.5606949396,0.0,False,False,False
MIMIC-IV,S_Amp_V2_count,407446,0.8883875138143162,1.0545099654317696,0.9482124898685549,8.79636232796176e-39,5727.42975444044,False,48665.906689542295,0.0,True,False,True
MIMIC-IV,S_Amp_V2_iqr,407446,193.967313276344,52976.95292518669,0.06848851461723282,3.5239773517742127e-94,115656.59446730185,False,1975995.1114562976,0.0,False,False,False
MIMIC-IV,S_Amp_V3,407446,-10.806642830752752,1656.4030681914119,0.6069800552018868,4.969722472411437e-75,35382.81978283962,False,709836.9174657814,0.0,False,False,False
MIMIC-IV,S_Amp_V3_count,407446,0.8883875138143162,1.0545099654317696,0.9482124898685549,8.79636232796176e-39,5727.42975444044,False,48665.906689542295,0.0,True,False,True
MIMIC-IV,S_Amp_V3_iqr,407446,217.49495209395008,62252.813010631806,0.28407954154681436,4.2059504481800707e-88,120683.1596452808,False,2041295.012341776,0.0,False,False,False
MIMIC-IV,T_Amp_I,407446,-37.208253807114914,8734.092313090352,0.8641282393260892,1.6534065230569073e-54,10794.875074657204,False,1165360.6366875952,0.0,False,False,False
MIMIC-IV,T_Amp_II,407446,-71.50525355657076,20251.377102324077,0.9657920308468044,7.158487990856683e-33,13535.442499176366,False,1458329.5189314757,0.0,False,False,False
MIMIC-IV,T_Amp_III,407446,-81.74412057210341,19121.56697752397,0.8348578162011205,5.022054742293514e-58,19802.256494910456,False,1521327.1120993441,0.0,False,False,False
MIMIC-IV,T_Amp_III_count,407446,0.8883875138143162,1.0545099654317696,0.9482124898685549,8.79636232796176e-39,5727.42975444044,False,48665.906689542295,0.0,True,False,True
MIMIC-IV,T_Amp_III_iqr,407446,342.1773748459561,146640.4477354271,0.4281254928584851,4.430011978359756e-83,115832.74683102383,False,2311860.8697454054,0.0,False,False,False
MIMIC-IV,T_Amp_II_count,407446,0.8883875138143162,1.0545099654317696,0.9482124898685549,8.79636232796176e-39,5727.42975444044,False,48665.906689542295,0.0,True,False,True
MIMIC-IV,T_Amp_II_iqr,407446,360.70133662521164,159027.7620990525,0.46132500410185073,9.081556835735177e-82,109904.94886587997,False,2344417.465338731,0.0,False,False,False
MIMIC-IV,T_Amp_I_count,407446,0.8883875138143162,1.0545099654317696,0.9482124898685549,8.79636232796176e-39,5727.42975444044,False,48665.906689542295,0.0,True,False,True
MIMIC-IV,T_Amp_I_iqr,407446,274.74588212726417,108480.8442881182,0.5293895714084575,7.614997857698369e-79,93156.23997569527,False,2179090.745612242,0.0,False,False,False
MIMIC-IV,T_Amp_V1,407446,-20.52647848643131,2271.706053078953,0.2760275629891783,2.3435922690919072e-88,69148.6464489802,False,923107.5292971351,0.0,False,False,False
MIMIC-IV,T_Amp_V1_count,407446,0.8883875138143162,1.0545099654317696,0.9482124898685549,8.79636232796176e-39,5727.42975444044,False,48665.906689542295,0.0,True,False,True
MIMIC-IV,T_Amp_V1_iqr,407446,137.38189374775192,21921.924684660746,0.12479541548143036,1.0117446013216602e-92,132663.51307975932,False,1783616.2108093696,0.0,False,False,False
MIMIC-IV,T_Amp_V2,407446,-24.826495118115883,2019.5390722493269,0.3535299015377412,8.392656264812967e-86,39803.227739229565,False,990513.2771975977,0.0,False,False,False
MIMIC-IV,T_Amp_V2_count,407446,0.8883875138143162,1.0545099654317696,0.9482124898685549,8.79636232796176e-39,5727.42975444044,False,48665.906689542295,0.0,True,False,True
MIMIC-IV,T_Amp_V2_iqr,407446,167.00414832236234,32785.472937723345,0.012680500372421744,1.49950075934391e-95,124977.72743754531,False,1890801.623484954,0.0,False,False,False
MIMIC-IV,T_Amp_V3,407446,-32.13276976775382,3708.8630523734832,0.5539123155391372,1.058825676433199e-77,39233.86858317733,False,1097429.9912570482,0.0,False,False,False
MIMIC-IV,T_Amp_V3_count,407446,0.8883875138143162,1.0545099654317696,0.9482124898685549,8.79636232796176e-39,5727.42975444044,False,48665.906689542295,0.0,True,False,True
MIMIC-IV,T_Amp_V3_iqr,407446,194.78657779533296,49333.84725020289,0.09491477654372393,1.6651894188672235e-93,125627.71924667188,False,1977976.941766044,0.0,False,False,False
MIMIC-IV,T_Amp_V4,407446,-18.75912030127079,4111.416937427774,0.5160173356338329,1.9043739613732608e-79,54064.76371645945,False,899095.0133273185,0.0,False,False,False
MIMIC-IV,T_Amp_V4_count,407446,0.8883875138143162,1.0545099654317696,0.9482124898685549,8.79636232796176e-39,5727.42975444044,False,48665.906689542295,0.0,True,False,True
MIMIC-IV,T_Amp_V4_iqr,407446,137.93484723282336,21941.807170428903,0.13966502995059193,2.533677300984455e-92,138287.38646572176,False,1785739.5389546123,0.0,False,False,False
MIMIC-IV,T_Amp_V5,407446,-35.08248976447743,3995.5263504502204,0.35563172294183276,9.92636727342271e-86,58390.14708294743,False,1133369.854531558,0.0,False,False,False
MIMIC-IV,T_Amp_V5_count,407446,0.8883875138143162,1.0545099654317696,0.9482124898685549,8.79636232796176e-39,5727.42975444044,False,48665.906689542295,0.0,True,False,True
MIMIC-IV,T_Amp_V5_iqr,407446,149.71525086104526,26917.617901255595,0.19186611897620753,7.122182071707916e-91,133125.1263235272,False,1830606.4702659561,0.0,False,False,False
MIMIC-IV,T_Amp_V6,407446,-36.38770070116831,4007.685732225877,0.17034264268827248,1.7604255706218198e-91,77758.09900459414,False,1148193.5393178775,0.0,False,False,False
MIMIC-IV,T_Amp_V6_count,407446,0.8883875138143162,1.0545099654317696,0.9482124898685549,8.79636232796176e-39,5727.42975444044,False,48665.906689542295,0.0,True,False,True
MIMIC-IV,T_Amp_V6_iqr,407446,146.38222899301118,26077.798228283355,0.0508327276767222,1.2755080530555437e-94,139732.44818929338,False,1818387.8951015235,0.0,False,False,False
MIMIC-IV,T_Amp_aVF,407446,-145.61112160580032,55980.740687830585,0.8165646341122201,5.751861371792308e-60,33875.68594040966,False,1819960.208706196,0.0,False,False,False
MIMIC-IV,T_Amp_aVF_count,407446,0.8883875138143162,1.0545099654317696,0.9482124898685549,8.79636232796176e-39,5727.42975444044,False,48665.906689542295,0.0,True,False,True
MIMIC-IV,T_Amp_aVF_iqr,407446,386.19956625160717,182162.61538517792,0.45119805049036743,3.554639272899782e-82,120643.0659493478,False,2387066.3014736054,0.0,False,False,False
MIMIC-IV,T_Amp_aVL,407446,-83.19547618011119,24747.997610602368,0.8785040266358293,1.5259286603742379e-52,20753.84648002271,False,1531555.7753245519,0.0,False,False,False
MIMIC-IV,T_Amp_aVL_count,407446,0.8883875138143162,1.0545099654317696,0.9482124898685549,8.79636232796176e-39,5727.42975444044,False,48665.906689542295,0.0,True,False,True
MIMIC-IV,T_Amp_aVL_iqr,407446,375.0959058532217,172163.51967464612,0.4201961562964608,2.2022657859284132e-83,115684.96222466347,False,2368807.423257624,0.0,False,False,False
MIMIC-IV,T_Amp_aVR,407446,-165.03276611164793,73022.28784846127,0.9328516258831908,9.5868047452046e-43,21986.17976821825,False,1888586.0719343757,0.0,False,False,False
MIMIC-IV,T_Amp_aVR_count,407446,0.8883875138143162,1.0545099654317696,0.9482124898685549,8.79636232796176e-39,5727.42975444044,False,48665.906689542295,0.0,True,False,True
MIMIC-IV,T_Amp_aVR_iqr,407446,487.4909935294866,272603.89805273816,0.49504320428646764,2.3115916888434832e-80,120541.47235971992,False,2535345.439987667,0.0,False,False,False
PTB-XL,QRS_Dur_Global,21799,0.9707934812225494,2.1620424927499666,0.9495622824827157,2.1674742597111408e-38,265.7403825893671,False,3568.6728624142306,0.0,True,False,True
PTB-XL,QRS_Dur_Global_count,21799,1.256657980879656,3.139262714544757,0.917875930920314,5.9203372886128826e-46,411.3419116626683,False,5193.635653363768,0.0,True,False,True
PTB-XL,QRS_Dur_Global_iqr,21799,1.9043189747058558,12.083248956679913,0.9007106936039283,4.327161701645355e-49,238.43702310002482,False,10279.055501413648,0.0,False,False,False
PTB-XL,Q_Amp_I,21799,-2.377314981958638,246.97069497389654,0.7213728694675031,5.136206892122355e-68,1650.51190808697,False,17694.96106908937,0.0,False,False,False
PTB-XL,Q_Amp_II,21799,3.091218715917151,23.739395187227238,0.7206390968239078,4.5535495223880276e-68,1654.900870090365,False,15784.058813484437,0.0,False,False,False
PTB-XL,Q_Amp_III,21799,1.2362305812332273,54.525880505781295,0.8684437960099792,6.157444045866185e-54,377.9058760810731,False,10900.96365077157,0.0,False,False,False
PTB-XL,Q_Amp_III_count,21799,1.280110537665156,3.2048071648401244,0.9151182579682886,1.715289374020128e-46,425.5001168437484,False,5317.372267803739,0.0,True,False,True
PTB-XL,Q_Amp_III_iqr,21799,7.084349156753616,89.10469111093626,0.5478448801701308,5.458122070563536e-78,2562.735643702643,False,28107.22754309486,0.0,False,False,False
PTB-XL,Q_Amp_II_count,21799,1.280110537665156,3.2048071648401244,0.9151182579682886,1.715289374020128e-46,425.5001168437484,False,5317.372267803739,0.0,True,False,True
PTB-XL,Q_Amp_II_iqr,21799,8.808566082183734,139.25562232504484,0.37759022252772245,5.900492447801911e-85,2872.755424039322,False,31979.411282351386,0.0,False,False,False
PTB-XL,Q_Amp_I_count,21799,1.280110537665156,3.2048071648401244,0.9151182579682886,1.715289374020128e-46,425.5001168437484,False,5317.372267803739,0.0,True,False,True
PTB-XL,Q_Amp_I_iqr,21799,21.396252189628992,1252.6351471793453,0.45090694805803444,3.460843918229868e-82,3070.7922087425977,False,49787.63705371892,0.0,False,False,False
PTB-XL,Q_Amp_V1,21799,1.1870557478532486,36.441247963767154,0.8980462927423796,1.5493135779766657e-49,494.8502497156951,False,9897.764599687638,0.0,False,False,False
PTB-XL,Q_Amp_V1_count,21799,1.280110537665156,3.2048071648401244,0.9151182579682886,1.715289374020128e-46,425.5001168437484,False,5317.372267803739,0.0,True,False,True
PTB-XL,Q_Amp_V1_iqr,21799,10.52334956758986,273.1139838359738,0.424956570634327,3.347068022942834e-83,3415.32211224785,False,35697.81884399087,0.0,False,False,False
PTB-XL,Q_Amp_V2,21799,0.8253732192655145,2.0762764541224827,0.9636319894507708,1.0333699283968687e-33,180.26580035857478,False,2969.3152949517576,0.0,True,False,True
PTB-XL,Q_Amp_V2_count,21799,1.280110537665156,3.2048071648401244,0.9151182579682886,1.715289374020128e-46,425.5001168437484,False,5317.372267803739,0.0,True,False,True
PTB-XL,Q_Amp_V2_iqr,21799,6.521936558594794,69.4815136970431,0.48092200270664254,5.829214502171884e-81,3088.255143485876,False,26532.846478845287,0.0,False,False,False
PTB-XL,Q_Amp_V3,21799,0.9994813787561376,1.305252207495176,0.9203287816363864,1.8341388068934725e-45,594.6501238544442,False,3182.708977602132,0.0,True,False,True
PTB-XL,Q_Amp_V3_count,21799,1.280110537665156,3.2048071648401244,0.9151182579682886,1.715289374020128e-46,425.5001168437484,False,5317.372267803739,0.0,True,False,True
PTB-XL,Q_Amp_V3_iqr,21799,6.68722334926321,69.79818704790934,0.45729860317849735,6.24323195801629e-82,3160.678661493803,False,26877.20930174154,0.0,False,False,False
PTB-XL,Q_Amp_V4,21798,1.4082195285508448,24.960401803563013,0.7148207088322946,1.7692360623699382e-68,2468.6031061315007,False,9966.9323510672,0.0,False,False,False
PTB-XL,Q_Amp_V4_count,21799,1.2752445869861584,3.2118341758079536,0.9151182579682886,1.715289374020128e-46,425.3404114402729,False,5301.577031319352,0.0,True,False,True
PTB-XL,Q_Amp_V4_iqr,21798,12.969424813028288,402.2856525359653,0.4309379681837264,5.6877588587268e-83,3518.418018765984,False,39591.213912558844,0.0,False,False,False
PTB-XL,Q_Amp_V5,21798,2.317136296583827,78.87053735536986,0.6077227864904271,5.44337944427135e-75,2683.165236292909,False,15651.11241494504,0.0,False,False,False
PTB-XL,Q_Amp_V5_count,21799,1.2752445869861584,3.2118341758079536,0.9151182579682886,1.715289374020128e-46,425.3404114402729,False,5301.577031319352,0.0,True,False,True
PTB-XL,Q_Amp_V5_iqr,21798,30.790076590552584,2241.496104640276,0.42864370170674204,4.638401860609412e-83,3590.277295981781,False,57570.674197691864,0.0,False,False,False
PTB-XL,Q_Amp_V6,21798,3.9773174123424075,29.65564137515379,0.6527867102894102,1.836052498725e-72,1882.8277048422424,False,18836.060688036738,0.0,False,False,False
PTB-XL,Q_Amp_V6_count,21799,1.2752445869861584,3.2118341758079536,0.9151182579682886,1.715289374020128e-46,425.3404114402729,False,5301.577031319352,0.0,True,False,True
PTB-XL,Q_Amp_V6_iqr,21798,7.193054836842435,95.62583669980015,0.4212621719295716,2.4180606640745744e-83,3125.80043134671,False,28440.532383742924,0.0,False,False,False
PTB-XL,Q_Amp_aVF,21799,3.3632697005528898,45.747673722336714,0.8560652960896233,1.551677351073266e-55,822.7867464178125,False,17980.784525800038,0.0,False,False,False
PTB-XL,Q_Amp_aVF_count,21799,1.280110537665156,3.2048071648401244,0.9151182579682886,1.715289374020128e-46,425.5001168437484,False,5317.372267803739,0.0,True,False,True
PTB-XL,Q_Amp_aVF_iqr,21799,8.331650330859583,121.22574821272477,0.45031110476943326,3.2766302861048525e-82,2779.83977696699,False,30934.040520045106,0.0,False,False,False
PTB-XL,Q_Amp_aVL,21799,-1.466131085082069,125.05348285769361,0.8107983074231595,1.519371678021306e-60,929.6353443056505,False,13296.681937167072,0.0,False,False,False
PTB-XL,Q_Amp_aVL_count,21799,1.280110537665156,3.2048071648401244,0.9151182579682886,1.715289374020128e-46,425.5001168437484,False,5317.372267803739,0.0,True,False,True
PTB-XL,Q_Amp_aVL_iqr,21799,7.885229657192877,124.74183219918173,0.4702611283082577,2.1045192123785564e-81,2733.3972452942944,False,30186.221256507844,0.0,False,False,False
PTB-XL,Q_Amp_aVR,21799,-0.42271987587977533,73.91071801492063,0.7216058237641836,5.3366475826722234e-68,1244.2765188204503,False,8569.814584972672,0.0,False,False,False
PTB-XL,Q_Amp_aVR_count,21799,1.280110537665156,3.2048071648401244,0.9151182579682886,1.715289374020128e-46,425.5001168437484,False,5317.372267803739,0.0,True,False,True
PTB-XL,Q_Amp_aVR_iqr,21799,9.760547083462539,221.65924339818892,0.40171385262292336,4.457280990262198e-84,2427.571567199968,False,34236.44528104082,0.0,False,False,False
PTB-XL,RR_Mean_Global,21799,0.2975833591130854,0.7603679735149544,0.9972647166482784,7.376076654952943e-08,14.232577508191753,False,593.3457052484374,1.4342246247754704e-129,True,False,True
PTB-XL,RR_Mean_Global_count,21799,1.280110537665156,3.2048071648401244,0.9151182579682886,1.715289374020128e-46,425.5001168437484,False,5317.372267803739,0.0,True,False,True
PTB-XL,RR_Mean_Global_iqr,21799,4.62553873267622,31.787787119120964,0.5312050854019679,9.215581382310784e-79,2954.489180242839,False,20682.26264078186,0.0,False,False,False
PTB-XL,R_Amp_I,21799,-0.07356688667186898,6.105024053939468,0.9596174242058065,3.5565549429385293e-35,195.56339143888908,False,2793.662639400354,0.0,True,False,True
PTB-XL,R_Amp_II,21799,-0.5329158662465319,2.548723863025433,0.9449325743359298,1.0607165125740499e-39,502.7569327342135,False,2222.022689935676,0.0,True,False,True
PTB-XL,R_Amp_III,21799,-0.05169256789872086,0.6812335105411522,0.9877252141877633,1.8772607257749234e-20,102.1888707618491,False,250.91412390704983,3.2710733124078504e-55,True,False,True
PTB-XL,R_Amp_III_count,21799,1.280110537665156,3.2048071648401244,0.9151182579682886,1.715289374020128e-46,425.5001168437484,False,5317.372267803739,0.0,True,False,True
PTB-XL,R_Amp_III_iqr,21799,10.367662347761897,161.01318564147556,0.3561332413473399,1.0332689624012187e-85,3472.4880987760116,False,34694.27178358457,0.0,False,False,False
PTB-XL,R_Amp_II_count,21799,1.280110537665156,3.2048071648401244,0.9151182579682886,1.715289374020128e-46,425.5001168437484,False,5317.372267803739,0.0,True,False,True
PTB-XL,R_Amp_II_iqr,21799,14.034864073855188,305.3034014880698,0.23075301611592258,9.680304161593742e-90,4315.142969599816,False,40579.044851528975,0.0,False,False,False
PTB-XL,R_Amp_I_count,21799,1.280110537665156,3.2048071648401244,0.9151182579682886,1.715289374020128e-46,425.5001168437484,False,5317.372267803739,0.0,True,False,True
PTB-XL,R_Amp_I_iqr,21799,12.404916977060257,255.62593275180365,0.3059587734175824,2.1219843385760734e-87,3289.651600756257,False,38260.23911139726,0.0,False,False,False
PTB-XL,R_Amp_V1,21799,0.07636947554250262,4.849322879365619,0.9129043626273926,6.496302117623103e-47,478.182469131636,False,2357.9579389690084,0.0,True,False,True
PTB-XL,R_Amp_V1_count,21799,1.280110537665156,3.2048071648401244,0.9151182579682886,1.715289374020128e-46,425.5001168437484,False,5317.372267803739,0.0,True,False,True
PTB-XL,R_Amp_V1_iqr,21799,9.017436639013383,139.48760057332652,0.3976290919575872,3.1494901221488807e-84,3278.2896073343036,False,32331.442104136517,0.0,False,False,False
PTB-XL,R_Amp_V2,21799,0.29726028869797394,2.183276653644569,0.9367487417066874,8.157472826879776e-42,539.6469520335922,False,1420.722646554574,3.11886906789986e-309,True,False,True
PTB-XL,R_Amp_V2_count,21799,1.280110537665156,3.2048071648401244,0.9151182579682886,1.715289374020128e-46,425.5001168437484,False,5317.372267803739,0.0,True,False,True
PTB-XL,R_Amp_V2_iqr,21799,9.761479714507265,137.3416955513083,0.33626438328452257,2.151725225142639e-86,3662.0780332987742,False,33508.4694216593,0.0,False,False,False
PTB-XL,R_Amp_V3,21799,0.059295655376221515,-0.2268134721382018,0.9552592896220017,1.2227281856120873e-36,498.00298452615243,False,72.17671744073279,2.1233664291860976e-16,True,False,True
PTB-XL,R_Amp_V3_count,21799,1.280110537665156,3.2048071648401244,0.9151182579682886,1.715289374020128e-46,425.5001168437484,False,5317.372267803739,0.0,True,False,True
PTB-XL,R_Amp_V3_iqr,21799,9.550853808755516,133.13041682069579,0.3170764572654319,4.91250238938816e-87,4071.6710690913606,False,33124.2761018496,0.0,False,False,False
PTB-XL,R_Amp_V4,21798,-0.6433564360285687,0.5903923034194158,0.9408711673797093,8.851028523129696e-41,659.3476618557543,False,1461.1448974413574,0.0,True,False,True
PTB-XL,R_Amp_V4_count,21799,1.2752445869861584,3.2118341758079536,0.9151182579682886,1.715289374020128e-46,425.3404114402729,False,5301.577031319352,0.0,True,False,True
PTB-XL,R_Amp_V4_iqr,21798,7.943511586702401,88.98801041465708,0.41746184344445614,1.733932907880205e-83,3339.527872253253,False,29712.319666586234,0.0,False,False,False
PTB-XL,R_Amp_V5,21798,-0.9634748591062378,10.60778323357852,0.9370079039619023,9.441055796268603e-42,500.1725424897231,False,6358.981130885098,0.0,False,False,False
PTB-XL,R_Amp_V5_count,21799,1.2752445869861584,3.2118341758079536,0.9151182579682886,1.715289374020128e-46,425.3404114402729,False,5301.577031319352,0.0,True,False,True
PTB-XL,R_Amp_V5_iqr,21798,26.681261775187174,1699.864272011388,0.4749599011066018,3.290103585051447e-81,3536.798706976908,False,54401.41684539731,0.0,False,False,False
PTB-XL,R_Amp_V6,21798,-0.26075382829908195,3.756210955785864,0.9462558307991245,2.4593639576148937e-39,314.704987665129,False,2130.415692632709,0.0,True,False,True
PTB-XL,R_Amp_V6_count,21799,1.2752445869861584,3.2118341758079536,0.9151182579682886,1.715289374020128e-46,425.3404114402729,False,5301.577031319352,0.0,True,False,True
PTB-XL,R_Amp_V6_iqr,21798,7.843665823922168,102.45824108990455,0.4240410745808356,3.087464475636744e-83,3132.086704617206,False,29777.714873585806,0.0,False,False,False
PTB-XL,R_Amp_aVF,21799,-0.3072490195657192,0.4626938817503259,0.9838595741122077,1.8233018247766545e-23,132.2439218907748,False,458.75179734743205,2.4172018858597305e-100,True,False,True
PTB-XL,R_Amp_aVF_count,21799,1.280110537665156,3.2048071648401244,0.9151182579682886,1.715289374020128e-46,425.5001168437484,False,5317.372267803739,0.0,True,False,True
PTB-XL,R_Amp_aVF_iqr,21799,11.512885318144045,197.2965987801585,0.31000804198980414,2.876942640742835e-87,3774.6389344796553,False,36669.29832791168,0.0,False,False,False
PTB-XL,R_Amp_aVL,21799,-0.20147237755605707,1.8966617598524005,0.9837104848704491,1.4316297408829313e-23,127.3803594150304,False,1096.1461772977038,9.43804231461991e-239,True,False,True
PTB-XL,R_Amp_aVL_count,21799,1.280110537665156,3.2048071648401244,0.9151182579682886,1.715289374020128e-46,425.5001168437484,False,5317.372267803739,0.0,True,False,True
PTB-XL,R_Amp_aVL_iqr,21799,9.731639592775394,150.51583963832982,0.40777213478368857,7.488956806208769e-84,3020.8751441847016,False,33607.62072448981,0.0,False,False,False
PTB-XL,R_Amp_aVR,21799,-0.10225530541785925,10.532808922297507,0.9260548555339123,2.8821452575952493e-44,357.7606204049007,False,3942.3059703327212,0.0,False,False,False
PTB-XL,R_Amp_aVR_count,21799,1.280110537665156,3.2048071648401244,0.9151182579682886,1.715289374020128e-46,425.5001168437484,False,5317.372267803739,0.0,True,False,True
PTB-XL,R_Amp_aVR_iqr,21799,17.27931479441141,509.127748424896,0.21527543149065353,3.3805219235331697e-90,4020.5884448396027,False,44880.99557995108,0.0,False,False,False
PTB-XL,ST_Elev_I,18420,0.10129109567367861,4.527494521983587,0.9346792897006869,2.583308955667762e-42,374.25017065830616,False,1902.1874216610306,0.0,True,False,True
PTB-XL,ST_Elev_II,18420,-0.09106392616054017,4.877350646275494,0.924979346330222,1.6959087154270292e-44,336.5818122557066,False,2010.117674865036,0.0,True,False,True
PTB-XL,ST_Elev_III,18420,-0.30902662633193234,5.149656400495168,0.9651647257227927,4.041322864525813e-33,81.23974243571502,False,2350.1672765011062,0.0,True,False,True
PTB-XL,ST_Elev_III_count,21799,-0.780341679899169,0.5173135756095397,0.8653824333662692,2.4141095938449417e-54,1248.9240053266549,False,1906.9271733115402,0.0,True,False,True
PTB-XL,ST_Elev_III_iqr,18420,2.8739585950813193,11.992868581993726,0.7248023419431737,9.04914706847986e-68,1289.9228945949071,False,11502.868654214475,0.0,False,False,False
PTB-XL,ST_Elev_II_count,21799,-0.780341679899169,0.5173135756095397,0.8653824333662692,2.4141095938449417e-54,1248.9240053266549,False,1906.9271733115402,0.0,True,False,True
PTB-XL,ST_Elev_II_iqr,18420,3.486500051460918,17.027503789822592,0.6244880670586339,4.424179907754579e-74,2095.0045210952667,False,13735.286323218104,0.0,False,False,False
PTB-XL,ST_Elev_I_count,21799,-0.780341679899169,0.5173135756095397,0.8653824333662692,2.4141095938449417e-54,1248.9240053266549,False,1906.9271733115402,0.0,True,False,True
PTB-XL,ST_Elev_I_iqr,18420,3.094581922857661,12.926819594380207,0.6600630890266557,4.990249110621842e-72,1857.8756851628314,False,12228.138539328727,0.0,False,False,False
PTB-XL,ST_Elev_V1,18420,-1.324314823281659,11.749627928604072,0.8940889120244505,3.507650285467709e-50,114.01209526679304,False,6757.548140787472,0.0,False,False,False
PTB-XL,ST_Elev_V1_count,21799,-0.780341679899169,0.5173135756095397,0.8653824333662692,2.4141095938449417e-54,1248.9240053266549,False,1906.9271733115402,0.0,True,False,True
PTB-XL,ST_Elev_V1_iqr,18420,3.276580433344708,15.20172207473647,0.6675476985727865,1.4228266193857211e-71,1571.9264788473738,False,12998.226487651158,0.0,False,False,False
PTB-XL,ST_Elev_V2,18420,-1.440522991509251,14.236908903956014,0.8714828413643515,1.5883100739938319e-53,631.275466540108,False,7497.012413377278,0.0,False,False,False
PTB-XL,ST_Elev_V2_count,21799,-0.780341679899169,0.5173135756095397,0.8653824333662692,2.4141095938449417e-54,1248.9240053266549,False,1906.9271733115402,0.0,True,False,True
PTB-XL,ST_Elev_V2_iqr,18420,5.070742821601191,36.10027241759373,0.4921871473209156,1.7448126913710124e-80,2883.2330675057747,False,18628.814756217045,0.0,False,False,False
PTB-XL,ST_Elev_V3,18420,-0.9194796247669369,10.753399098424511,0.8562879361308204,1.6539560591467754e-55,622.7217695908039,False,5258.240390225277,0.0,False,False,False
PTB-XL,ST_Elev_V3_count,21799,-0.780341679899169,0.5173135756095397,0.8653824333662692,2.4141095938449417e-54,1248.9240053266549,False,1906.9271733115402,0.0,True,False,True
PTB-XL,ST_Elev_V3_iqr,18420,5.275150835277626,38.76099997283465,0.4638835223190497,1.1537843301211643e-81,2975.142621681687,False,19160.168842977444,0.0,False,False,False
PTB-XL,ST_Elev_V4,18420,-0.441817209236587,7.241028452167461,0.8986236069800746,1.931832457776105e-49,516.4950054594374,False,3183.492618785872,0.0,False,False,False
PTB-XL,ST_Elev_V4_count,21799,-0.780341679899169,0.5173135756095397,0.8653824333662692,2.4141095938449417e-54,1248.9240053266549,False,1906.9271733115402,0.0,True,False,True
PTB-XL,ST_Elev_V4_iqr,18420,4.117535547695664,22.860120300614746,0.5394004451415428,2.197856981441324e-78,2695.6205895454077,False,15771.983721462959,0.0,False,False,False
PTB-XL,ST_Elev_V5,18420,-0.21695652002499843,4.354830861603416,0.921287532557348,2.875687812033695e-45,408.53017119477227,False,1953.8927446551531,0.0,True,False,True
PTB-XL,ST_Elev_V5_count,21799,-0.780341679899169,0.5173135756095397,0.8653824333662692,2.4141095938449417e-54,1248.9240053266549,False,1906.9271733115402,0.0,True,False,True
PTB-XL,ST_Elev_V5_iqr,18420,3.6195182098143404,17.4669807387687,0.5837468841432966,3.0962377556987236e-76,2345.8718789667473,False,14108.178060005734,0.0,False,False,False
PTB-XL,ST_Elev_V6,18420,0.11053305393740288,3.327290156760232,0.9403530199891889,6.511954843775363e-41,343.35170904978804,False,1471.6949626043488,0.0,True,False,True
PTB-XL,ST_Elev_V6_count,21799,-0.780341679899169,0.5173135756095397,0.8653824333662692,2.4141095938449417e-54,1248.9240053266549,False,1906.9271733115402,0.0,True,False,True
PTB-XL,ST_Elev_V6_iqr,18420,3.210384356914053,14.098010162570777,0.6496580761938422,1.201055762967147e-72,1956.2139775059186,False,12689.04408729422,0.0,False,False,False
PTB-XL,ST_Elev_aVF,18420,-0.36759798386131715,6.1130958257994905,0.924160917556619,1.13745600515053e-44,180.11149899275188,False,2737.5336256184605,0.0,True,False,True
PTB-XL,ST_Elev_aVF_count,21799,-0.780341679899169,0.5173135756095397,0.8653824333662692,2.4141095938449417e-54,1248.9240053266549,False,1906.9271733115402,0.0,True,False,True
PTB-XL,ST_Elev_aVF_iqr,18420,3.153340088333971,13.896551145829271,0.6569192874350975,3.2325288119191924e-72,1711.7246872073738,False,12515.033268424253,0.0,False,False,False
PTB-XL,ST_Elev_aVL,18420,-0.12829336353646162,4.810882345459991,0.9458534529169033,1.9011184204141516e-39,165.23335537359526,False,2013.675806169071,0.0,True,False,True
PTB-XL,ST_Elev_aVL_count,21799,-0.780341679899169,0.5173135756095397,0.8653824333662692,2.4141095938449417e-54,1248.9240053266549,False,1906.9271733115402,0.0,True,False,True
PTB-XL,ST_Elev_aVL_iqr,18420,2.9686999757014636,12.942057022290285,0.7204146041843129,4.389093986733944e-68,1359.6917292464932,False,11897.788704181668,0.0,False,False,False
PTB-XL,ST_Elev_aVR,18420,-0.026394152578749816,13.625974992448938,0.8756196276310415,5.9471593834194e-53,443.82771440982833,False,3776.952586944028,0.0,False,False,False
PTB-XL,ST_Elev_aVR_count,21799,-0.780341679899169,0.5173135756095397,0.8653824333662692,2.4141095938449417e-54,1248.9240053266549,False,1906.9271733115402,0.0,True,False,True
PTB-XL,ST_Elev_aVR_iqr,18420,3.8743312759022124,20.889252477305295,0.6058078777400426,4.305919130805997e-75,2083.7068733986125,False,15046.064505801178,0.0,False,False,False
PTB-XL,S_Amp_V1,21799,-2.4311000155461144,80.2270118437067,0.5398926998272897,2.316627003916772e-78,2834.464611154159,False,16076.681471468364,0.0,False,False,False
PTB-XL,S_Amp_V1_count,21799,1.280110537665156,3.2048071648401244,0.9151182579682886,1.715289374020128e-46,425.5001168437484,False,5317.372267803739,0.0,True,False,True
PTB-XL,S_Amp_V1_iqr,21799,9.686506635125111,238.80035990994585,0.4809104931633351,5.82275001702385e-81,3085.5701533636056,False,34225.6350596348,0.0,False,False,False
PTB-XL,S_Amp_V2,21799,-3.1273075769870764,13.913373456213272,0.6327318934941044,1.2767670757198291e-73,2927.357759704155,False,14728.249421722923,0.0,False,False,False
PTB-XL,S_Amp_V2_count,21799,1.280110537665156,3.2048071648401244,0.9151182579682886,1.715289374020128e-46,425.5001168437484,False,5317.372267803739,0.0,True,False,True
PTB-XL,S_Amp_V2_iqr,21799,6.612892708989026,73.23174880312108,0.49745393962781337,2.9342035798951706e-80,3012.870917439621,False,26815.79168809958,0.0,False,False,False
PTB-XL,S_Amp_V3,21799,-1.4288021582241601,2.519845682636423,0.8265205183287541,6.236692649516201e-59,1396.9851951231685,False,5556.789609799083,0.0,True,False,True
PTB-XL,S_Amp_V3_count,21799,1.280110537665156,3.2048071648401244,0.9151182579682886,1.715289374020128e-46,425.5001168437484,False,5317.372267803739,0.0,True,False,True
PTB-XL,S_Amp_V3_iqr,21799,6.618090162753891,72.71710616617888,0.44853031424526335,2.783330309914279e-82,3015.648490017433,False,26813.326028111238,0.0,False,False,False
PTB-XL,T_Amp_I,21799,-3.341172025932819,116.91825273549924,0.9591102149904247,2.3682745060145323e-35,148.3160331547333,False,19643.769964705934,0.0,False,False,False
PTB-XL,T_Amp_II,21799,-0.5477790522274962,14.475488702698435,0.9204861297355194,1.9740312072960792e-45,84.56510859187256,False,5554.96503670364,0.0,False,False,False
PTB-XL,T_Amp_III,21799,3.1601493798148375,129.97026947440165,0.8040729503640577,3.3557863179268964e-61,708.0496793806706,False,19271.014990078686,0.0,False,False,False
PTB-XL,T_Amp_III_count,21799,1.280110537665156,3.2048071648401244,0.9151182579682886,1.715289374020128e-46,425.5001168437484,False,5317.372267803739,0.0,True,False,True
PTB-XL,T_Amp_III_iqr,21799,6.647034353378215,74.12271280103812,0.4915747040035796,1.6429710358293943e-80,2560.5114568631216,False,26907.284006602582,0.0,False,False,False
PTB-XL,T_Amp_II_count,21799,1.280110537665156,3.2048071648401244,0.9151182579682886,1.715289374020128e-46,425.5001168437484,False,5317.372267803739,0.0,True,False,True
PTB-XL,T_Amp_II_iqr,21799,7.259459486873881,112.9518595165275,0.5485538907714524,5.895219113807544e-78,2391.0882890379035,False,28855.10726786624,0.0,False,False,False
PTB-XL,T_Amp_I_count,21799,1.280110537665156,3.2048071648401244,0.9151182579682886,1.715289374020128e-46,425.5001168437484,False,5317.372267803739,0.0,True,False,True
PTB-XL,T_Amp_I_iqr,21799,12.587260777660822,486.30073626579224,0.5522613837401019,8.8346280219361e-78,2379.4480780168014,False,39321.30014942685,0.0,False,False,False
PTB-XL,T_Amp_V1,21799,2.7058948086386096,44.949440333158954,0.8701019927087645,1.0302800107398377e-53,616.2672542667133,False,15890.579921304921,0.0,False,False,False
PTB-XL,T_Amp_V1_count,21799,1.280110537665156,3.2048071648401244,0.9151182579682886,1.715289374020128e-46,425.5001168437484,False,5317.372267803739,0.0,True,False,True
PTB-XL,T_Amp_V1_iqr,21799,11.501808066677674,304.0544888472816,0.4298217631640828,5.150036505454631e-83,3300.8069001882104,False,37259.47630725666,0.0,False,False,False
PTB-XL,T_Amp_V2,21799,0.7072696522042571,6.058212758449612,0.9396332653550569,4.2668657270428116e-41,173.23428246678668,False,4247.2833326989785,0.0,True,False,True
PTB-XL,T_Amp_V2_count,21799,1.280110537665156,3.2048071648401244,0.9151182579682886,1.715289374020128e-46,425.5001168437484,False,5317.372267803739,0.0,True,False,True
PTB-XL,T_Amp_V2_iqr,21799,7.571855451205773,99.07707899217803,0.46555117013642366,1.3493346198364882e-81,3195.350080029668,False,29220.700794521013,0.0,False,False,False
PTB-XL,T_Amp_V3,21799,0.2738150896604727,9.318866446442431,0.9397397189085854,4.5410125967435887e-41,156.39859032341337,False,3905.213915602833,0.0,False,False,False
PTB-XL,T_Amp_V3_count,21799,1.280110537665156,3.2048071648401244,0.9151182579682886,1.715289374020128e-46,425.5001168437484,False,5317.372267803739,0.0,True,False,True
PTB-XL,T_Amp_V3_iqr,21799,9.25660967548077,173.18205670520433,0.41073942455071855,9.672191417137418e-84,3400.2642699344433,False,33063.83154413231,0.0,False,False,False
PTB-XL,T_Amp_V4,21798,-2.4172028637308833,99.18439304806753,0.9608202699050878,9.482865077249118e-35,197.61661934151562,False,16404.32870622789,0.0,False,False,False
PTB-XL,T_Amp_V4_count,21799,1.2752445869861584,3.2118341758079536,0.9151182579682886,1.715289374020128e-46,425.3404114402729,False,5301.577031319352,0.0,True,False,True
PTB-XL,T_Amp_V4_iqr,21798,10.88537182366475,246.13035807275674,0.44936045356347476,3.0031270465455535e-82,3167.4703558729743,False,36087.32149487364,0.0,False,False,False
PTB-XL,T_Amp_V5,21798,0.8453475683984715,44.14136906466118,0.9655636739943164,5.8079721373026646e-33,147.1679456810889,False,8966.59848212841,0.0,False,False,False
PTB-XL,T_Amp_V5_count,21799,1.2752445869861584,3.2118341758079536,0.9151182579682886,1.715289374020128e-46,425.3404114402729,False,5301.577031319352,0.0,True,False,True
PTB-XL,T_Amp_V5_iqr,21798,26.350559756406728,1605.4800555561799,0.3536395789463962,8.466383791213104e-86,3332.0418136949374,False,54102.113563634935,0.0,False,False,False
PTB-XL,T_Amp_V6,21798,-0.823587748004871,5.98693537889366,0.9445838871379577,8.521846403765869e-40,176.1130183103669,False,4645.0992706157995,0.0,True,False,True
PTB-XL,T_Amp_V6_count,21799,1.2752445869861584,3.2118341758079536,0.9151182579682886,1.715289374020128e-46,425.3404114402729,False,5301.577031319352,0.0,True,False,True
PTB-XL,T_Amp_V6_iqr,21798,7.294588939200793,95.52472201218607,0.4503674263956986,3.2936077170726336e-82,2968.6691885139007,False,28633.24066793845,0.0,False,False,False
PTB-XL,T_Amp_aVF,21799,0.5506845740935962,38.78303808581124,0.8423425998008353,3.5270591231761593e-57,355.1580710816488,False,7680.473980995617,0.0,False,False,False
PTB-XL,T_Amp_aVF_count,21799,1.280110537665156,3.2048071648401244,0.9151182579682886,1.715289374020128e-46,425.5001168437484,False,5317.372267803739,0.0,True,False,True
PTB-XL,T_Amp_aVF_iqr,21799,7.228262458443593,100.94170605697072,0.5198025467070485,2.8097374843199684e-79,2463.255433498889,False,28603.490532287688,0.0,False,False,False
PTB-XL,T_Amp_aVL,21799,-5.084777607230584,195.7510952595954,0.8971996662834346,1.1230794548598161e-49,491.79667739920114,False,25095.55566354865,0.0,False,False,False
PTB-XL,T_Amp_aVL_count,21799,1.280110537665156,3.2048071648401244,0.9151182579682886,1.715289374020128e-46,425.5001168437484,False,5317.372267803739,0.0,True,False,True
PTB-XL,T_Amp_aVL_iqr,21799,5.315079557062688,44.32365670992545,0.5561293963121323,1.3515177754848454e-77,2274.7819271330663,False,23032.10144170172,0.0,False,False,False
PTB-XL,T_Amp_aVR,21799,1.301347818462033,19.227459893440944,0.94578396859651,1.8187299425112993e-39,83.7574030249998,False,8981.548010532935,0.0,False,False,False
PTB-XL,T_Amp_aVR_count,21799,1.280110537665156,3.2048071648401244,0.9151182579682886,1.715289374020128e-46,425.5001168437484,False,5317.372267803739,0.0,True,False,True
PTB-XL,T_Amp_aVR_iqr,21799,7.607275929492057,143.38672086214027,0.5722246905188191,8.208698955136649e-77,2116.7727026742577,False,29902.188721572107,0.0,False,False,False
