Feature,KS_Statistic,KS_pvalue,Cohens_d,JS_Divergence,Quantile_Correlation,Similarity_Score
T_Amp_aVR,0.09684068432521564,2.3455804597118468e-169,0.08960445444061922,0.00013618972397126065,0.9981847146318787,98.02878591540211
Q_Amp_III,0.08534718827945276,1.406638562541287e-131,0.022373041935552895,0.00022511842412348645,0.9959688493238241,97.77695949076846
T_Amp_V6,0.10833357960908094,6.254865693449561e-212,0.024065220817536336,0.0005722114592334384,0.9959975190376055,97.64188692269867
R_Amp_I,0.09941587819820152,1.765884785648865e-178,-0.09172021254022111,0.00123439260140598,0.9939153303074203,97.3959907292341
T_Amp_III,0.057450456986194776,8.338251841123002e-60,0.011085131813361022,0.0012415144652261224,0.9976689171835642,97.32727853064426
T_Amp_I,0.11694266806226983,5.346126079481173e-247,0.09194216282911057,0.0006874514088206613,0.9968480117235421,97.03148175837426
T_Amp_V5,0.07984160295137122,3.553375666004213e-115,-0.016683622110671883,0.0011207997547287892,0.9960999948875335,97.0056369581743
T_Amp_II,0.07474402564543964,5.58565366839232e-101,0.016348150038299966,0.0023387675461739215,0.9967181287967972,96.88500849057824
QRS_Dur_Global_iqr,0.05776508934741653,1.855674759004563e-60,0.1161604746420301,0.0027289591776586556,0.9989527165305437,96.42399406086263
T_Amp_V4,0.1419349316645342,0.0,-0.10594794334746555,0.0007066105161866545,0.997052336919229,96.41253702349383
R_Amp_III,0.07169620556147438,6.148660171232627e-93,-0.0693508985832824,0.002136063201946657,0.9981245975818843,96.19287328303689
R_Amp_V3_iqr,0.20569651231557995,0.0,-0.05144269586945124,0.00014771683171562166,0.9916553105019273,95.82988976593367
R_Amp_aVR,0.18803032065013753,0.0,0.17393257034465098,0.0013527468436842168,0.9827332091432728,95.8272291998653
R_Amp_aVF_iqr,0.20933518648797517,0.0,-0.023838133934966376,0.00030198877383256497,0.9953327171545696,95.726320788231
R_Amp_V2_iqr,0.21733686767580515,0.0,-0.04359313269474538,0.00013250667503610122,0.9919914952097428,95.61909823590733
R_Amp_III_iqr,0.2213089080065106,0.0,-0.020797014569719337,0.00015917047936456988,0.9904780342411239,95.54958762231604
T_Amp_aVF,0.1448237863943057,0.0,-0.19290890042625164,0.004273641758514315,0.975892965395126,95.52391866060782
RR_Mean_Global_iqr,0.14364266097463194,0.0,0.06708439439032587,0.0034761847088302807,0.9938227529768275,95.09184578820432
R_Amp_V4_iqr,0.24790744914123652,0.0,-0.055715283835446106,0.00013988930528673657,0.996232989757752,94.96951131028077
S_Amp_V1,0.2397704650541302,0.0,-0.03622632501629445,0.000809887004097022,0.9849364368657451,94.86244035954276
R_Amp_V5_iqr,0.2589189033912415,0.0,-0.07385780848283725,9.421786605175857e-05,0.9894068273582592,94.78018887455609
Q_Amp_aVF,0.12104334483618173,1.1901009532753798e-264,-0.0698519790448033,0.003935254956823157,0.9866093791183097,94.76767916550932
R_Amp_V1_iqr,0.26621930740818456,0.0,-0.052936774599125554,5.401043862080376e-05,0.9946884860436102,94.66756308317747
R_Amp_I_iqr,0.27978815604010987,0.0,-0.02711265599416773,0.0001596963229939199,0.995152930750136,94.37640596220807
R_Amp_aVL_iqr,0.2798991773638557,0.0,-0.02332284281505155,0.0002034684330355524,0.9762004266059636,94.32830959672562
T_Amp_V3,0.2293240826802863,0.0,-0.2543275238671935,0.0029259318997886348,0.9967322844042346,94.32357931491504
R_Amp_V6_iqr,0.28284316582516966,0.0,-0.08627991458517084,7.360079855842938e-05,0.975516494318404,94.31871777566883
Q_Amp_V1,0.17758835387793315,0.0,-0.16501935833853326,0.004405422057122197,0.9889635781324351,94.1816944304556
T_Amp_aVL,0.23900351133654815,0.0,0.37396931506012865,0.007747822204251973,0.9650555022246341,94.04911898017173
R_Amp_V1,0.1725708539104368,0.0,0.21130938878357666,0.006292080142062643,0.9835844839306543,93.96708444820248
S_Amp_V2,0.1384437967477617,0.0,0.10483276404608348,0.004719603063080077,0.9963212581132908,93.77286509136555
S_Amp_V2_iqr,0.3156515068270037,0.0,-0.1318089631031695,0.00040323608407681714,0.9966855426848191,93.57350049221625
R_Amp_II_iqr,0.32490613555559,0.0,-0.05837831306717873,0.00022036590389214712,0.9836797958173454,93.42933685289758
Q_Amp_V2,0.13926902956161624,0.0,-0.20830087863802785,0.007643613239416538,0.9950598675843924,93.3690683637145
R_Amp_V2,0.2113911100441231,0.0,0.23504195798492059,0.005771594270253863,0.991804880461794,93.25464836774637
Q_Amp_V3,0.2112708610935947,0.0,-0.06718260648963381,0.004738993098972324,0.9957403876708999,92.977423571748
Q_Amp_aVL,0.2165032450049174,0.0,0.26245140861916544,0.005586229398930213,0.9914158187214083,92.97130600117038
S_Amp_V1_iqr,0.3492053813148735,0.0,-0.13320589082052103,0.0004335787755670366,0.9981076220874674,92.91375060774362
S_Amp_V3_iqr,0.353388322777299,0.0,-0.12915485122349096,0.0003285073644558796,0.9972788785795332,92.84917055243415
Q_Amp_V3_iqr,0.35187084276732233,0.0,-0.14360897402500936,0.0005373443086717189,0.9958263196426644,92.79094627514246
Q_Amp_V2_iqr,0.3575914970378134,0.0,-0.145560093177559,0.00043529092330154553,0.9957898976654477,92.7220089463819
Q_Amp_aVL_iqr,0.37425094988132224,0.0,-0.09115378846943213,1.5131823453313572e-05,0.9920707625786014,92.5115199309968
R_Amp_II,0.17715274074205056,0.0,-0.20349756640075986,0.009438389159017754,0.9930134118358048,92.33507864124364
Q_Amp_V4_iqr,0.3754646355712055,0.0,-0.12651290517533906,0.0005287161873233639,0.9945094343907581,92.30609971327044
T_Amp_V3_iqr,0.38344605113425406,0.0,-0.12434745915935247,0.0005610518591420336,0.9974664320422955,92.20201527436399
Q_Amp_III_iqr,0.3943317148842984,0.0,-0.14017680519132802,6.24327739373654e-05,0.9872675011670072,92.08154998990581
T_Amp_V2_iqr,0.38684849045004766,0.0,-0.11590167161724135,0.0007747895385011366,0.998776335327326,92.05925517043323
T_Amp_V1,0.18219531942186534,0.0,-0.11783594462074112,0.006471164816194807,0.99753046785403,91.99397880395863
T_Amp_V1_iqr,0.39732263485383357,0.0,-0.08185540312364054,0.000760132190544345,0.9982495051932063,91.88961555476554
Q_Amp_V1_iqr,0.4016213429002692,0.0,-0.12360095976696825,0.000473999291133862,0.9948199575840582,91.86296851267332
R_Amp_aVR_iqr,0.4064371642963532,0.0,-0.045317041307341224,0.00020348599383555847,0.9911310165859659,91.82276442409352
Q_Amp_aVR,0.38697498456254714,0.0,-0.3032148583012883,0.0016300814303399878,0.9928396403078233,91.23055758955202
T_Amp_V4_iqr,0.4358398434249302,0.0,-0.06830113752847604,0.0002692194986151595,0.9933606488418678,91.21778407313248
Q_Amp_V6,0.33936389194509287,0.0,0.21886767634737966,0.00720431578545979,0.9754032125724015,91.21710149753407
Q_Amp_V5_iqr,0.44699358680118395,0.0,-0.16102670080736006,0.00047499138432301245,0.9728474596673201,90.90536814850024
QRS_Dur_Global,0.10980717245416793,9.49302773033901e-218,0.1445257873263648,0.018230006672510655,0.9965198245137281,90.87983561223164
Q_Amp_II,0.3219284573244989,0.0,0.22511017241023784,0.005167388037574713,0.9980029768262433,90.8661697378701
R_Amp_aVL,0.31083886728966004,0.0,-0.4059473245112566,0.016093004074953787,0.9879351584307549,90.63386185031017
Q_Amp_II_iqr,0.46851553129539086,0.0,-0.16394175844241776,0.00023332755043853495,0.9786657864337871,90.56957559898515
T_Amp_III_iqr,0.46928275150954557,0.0,-0.19587062071292902,0.0002938339420856136,0.9959732615207189,90.54303607495633
T_Amp_V5_iqr,0.4677188766851459,0.0,-0.1198332983161773,0.0005362468128295565,0.9887384253014766,90.53105459529007
T_Amp_aVL_iqr,0.4743176822894095,0.0,-0.16119383632488435,1.3041931878307194e-05,0.9904059217284039,90.5098314998646
R_Amp_aVF,0.22560518391988268,0.0,0.20731149281952901,0.010899873173474996,0.9860659849124321,90.49248185665111
S_Amp_V3,0.2080203166052375,0.0,0.3256194859928412,0.012963941500975608,0.9840291359660696,90.37722511010588
T_Amp_V6_iqr,0.48198779062551955,0.0,-0.10072961168201239,0.00033939637748158066,0.991003406379278,90.28989593684412
ST_Elev_V2_iqr,0.45962771813761744,0.0,-0.34127890535646893,0.0036510241023260453,0.9869911529383517,90.1876411321757
ST_Elev_V3_iqr,0.4653077183751075,0.0,-0.25504080571387117,0.0031292600198198823,0.988934313694214,90.16441313310268
T_Amp_aVF_iqr,0.48971887286013427,0.0,-0.19463827903201747,0.00024870562255628414,0.9918217552499954,90.15844701423121
Q_Amp_aVF_iqr,0.48896143927381097,0.0,-0.13994364719694982,0.0002996256884759917,0.9743250302863417,90.14588560555235
Q_Amp_I_iqr,0.5018261603892336,0.0,-0.16154572266618536,5.7276736899433094e-05,0.9849417712150585,89.95484363572828
T_Amp_II_iqr,0.49928049629552906,0.0,-0.2341464544194094,0.00038151981741725685,0.9890094287695164,89.93092738395771
Q_Amp_V6_iqr,0.49411320548924964,0.0,-0.20214359557647285,0.0009008230518554904,0.9606180043942267,89.90375114099933
T_Amp_I_iqr,0.5028620535083744,0.0,-0.2981662254741575,0.0005083519056025834,0.9904299088953691,89.79069744647059
R_Amp_V3,0.11861026377892225,4.204861779813874e-254,-0.08761588619730847,0.019391202095086296,0.9838862529980197,89.66524202648527
T_Amp_aVR_iqr,0.5167014491905954,0.0,-0.15884819059238767,3.388875670085304e-05,0.9895188383231046,89.66009235143419
ST_Elev_V5,0.28776213574751175,0.0,0.08699628091377422,0.02598776051024672,0.9681945267049438,89.40678034602837
Q_Amp_V5,0.37318125484238435,0.0,0.2460440158961373,0.008798978760586083,0.9660326909435253,89.11820916235132
Q_Amp_aVR_iqr,0.5451599452385414,0.0,-0.10317834801232327,5.598297376616478e-05,0.9753996746885973,89.08476049845382
ST_Elev_V3,0.42226604791971184,0.0,-0.33352582332545044,0.004709799397125002,0.9729486825748487,88.99249241918969
T_Amp_V2,0.2556858841237725,0.0,-0.3022486906416336,0.014617937698856427,0.9977510376490983,88.37755735139241
RR_Mean_Global,0.17964115074362147,0.0,-0.3409978042326503,0.024238495292453387,0.9970321562193938,88.22199601432547
R_Amp_V4,0.27317063556455706,0.0,-0.3880836545515755,0.020384297900945966,0.9681094462629571,88.015587287337
ST_Elev_V4,0.3356524869361397,0.0,-0.1337689533142315,0.034527198965216846,0.9746564071924096,87.55684840377964
ST_Elev_V4_iqr,0.5936597208224066,0.0,-0.31029675109148774,0.003908578279121537,0.979987127297898,87.46145144900113
Q_Amp_aVF_count,0.2010724038476352,0.0,0.429930761135537,0.030884524525800105,0.9860076436294869,86.67626397608342
S_Amp_V2_count,0.2010724038476352,0.0,0.429930761135537,0.030884524525800105,0.9860076436294869,86.67626397608342
S_Amp_V1_count,0.2010724038476352,0.0,0.429930761135537,0.030884524525800105,0.9860076436294869,86.67626397608342
Q_Amp_I_count,0.2010724038476352,0.0,0.429930761135537,0.030884524525800105,0.9860076436294869,86.67626397608342
Q_Amp_V1_count,0.2010724038476352,0.0,0.429930761135537,0.030884524525800105,0.9860076436294869,86.67626397608342
Q_Amp_III_count,0.2010724038476352,0.0,0.429930761135537,0.030884524525800105,0.9860076436294869,86.67626397608342
Q_Amp_II_count,0.2010724038476352,0.0,0.429930761135537,0.030884524525800105,0.9860076436294869,86.67626397608342
S_Amp_V3_count,0.2010724038476352,0.0,0.429930761135537,0.030884524525800105,0.9860076436294869,86.67626397608342
T_Amp_II_count,0.2010724038476352,0.0,0.429930761135537,0.030884524525800105,0.9860076436294869,86.67626397608342
Q_Amp_V2_count,0.2010724038476352,0.0,0.429930761135537,0.030884524525800105,0.9860076436294869,86.67626397608342
Q_Amp_V3_count,0.2010724038476352,0.0,0.429930761135537,0.030884524525800105,0.9860076436294869,86.67626397608342
R_Amp_V1_count,0.2010724038476352,0.0,0.429930761135537,0.030884524525800105,0.9860076436294869,86.67626397608342
R_Amp_III_count,0.2010724038476352,0.0,0.429930761135537,0.030884524525800105,0.9860076436294869,86.67626397608342
R_Amp_II_count,0.2010724038476352,0.0,0.429930761135537,0.030884524525800105,0.9860076436294869,86.67626397608342
R_Amp_I_count,0.2010724038476352,0.0,0.429930761135537,0.030884524525800105,0.9860076436294869,86.67626397608342
R_Amp_V3_count,0.2010724038476352,0.0,0.429930761135537,0.030884524525800105,0.9860076436294869,86.67626397608342
R_Amp_aVF_count,0.2010724038476352,0.0,0.429930761135537,0.030884524525800105,0.9860076436294869,86.67626397608342
T_Amp_I_count,0.2010724038476352,0.0,0.429930761135537,0.030884524525800105,0.9860076436294869,86.67626397608342
T_Amp_V1_count,0.2010724038476352,0.0,0.429930761135537,0.030884524525800105,0.9860076436294869,86.67626397608342
T_Amp_aVL_count,0.2010724038476352,0.0,0.429930761135537,0.030884524525800105,0.9860076436294869,86.67626397608342
T_Amp_V3_count,0.2010724038476352,0.0,0.429930761135537,0.030884524525800105,0.9860076436294869,86.67626397608342
T_Amp_V2_count,0.2010724038476352,0.0,0.429930761135537,0.030884524525800105,0.9860076436294869,86.67626397608342
T_Amp_aVF_count,0.2010724038476352,0.0,0.429930761135537,0.030884524525800105,0.9860076436294869,86.67626397608342
T_Amp_aVR_count,0.2010724038476352,0.0,0.429930761135537,0.030884524525800105,0.9860076436294869,86.67626397608342
T_Amp_III_count,0.2010724038476352,0.0,0.429930761135537,0.030884524525800105,0.9860076436294869,86.67626397608342
Q_Amp_aVL_count,0.2010724038476352,0.0,0.429930761135537,0.030884524525800105,0.9860076436294869,86.67626397608342
Q_Amp_aVR_count,0.2010724038476352,0.0,0.429930761135537,0.030884524525800105,0.9860076436294869,86.67626397608342
R_Amp_V2_count,0.2010724038476352,0.0,0.429930761135537,0.030884524525800105,0.9860076436294869,86.67626397608342
R_Amp_aVR_count,0.2010724038476352,0.0,0.429930761135537,0.030884524525800105,0.9860076436294869,86.67626397608342
R_Amp_aVL_count,0.2010724038476352,0.0,0.429930761135537,0.030884524525800105,0.9860076436294869,86.67626397608342
T_Amp_V5_count,0.2011182775115647,0.0,0.43009374638930353,0.030900553763590514,0.9860076436294869,86.67287038673601
Q_Amp_V4_count,0.2011182775115647,0.0,0.43009374638930353,0.030900553763590514,0.9860076436294869,86.67287038673601
Q_Amp_V5_count,0.2011182775115647,0.0,0.43009374638930353,0.030900553763590514,0.9860076436294869,86.67287038673601
R_Amp_V5_count,0.2011182775115647,0.0,0.43009374638930353,0.030900553763590514,0.9860076436294869,86.67287038673601
Q_Amp_V6_count,0.2011182775115647,0.0,0.43009374638930353,0.030900553763590514,0.9860076436294869,86.67287038673601
R_Amp_V4_count,0.2011182775115647,0.0,0.43009374638930353,0.030900553763590514,0.9860076436294869,86.67287038673601
T_Amp_V4_count,0.2011182775115647,0.0,0.43009374638930353,0.030900553763590514,0.9860076436294869,86.67287038673601
T_Amp_V6_count,0.2011182775115647,0.0,0.43009374638930353,0.030900553763590514,0.9860076436294869,86.67287038673601
R_Amp_V6_count,0.2011182775115647,0.0,0.43009374638930353,0.030900553763590514,0.9860076436294869,86.67287038673601
R_Amp_V5,0.32745584850297244,0.0,-0.5134376725741464,0.02463675555558378,0.9714684227484238,86.61028996386318
ST_Elev_V2,0.5491397899544069,0.0,-0.4967953721777361,0.010900313119958607,0.9741694105423762,86.50570874526863
QRS_Dur_Global_count,0.2056485350513283,0.0,0.4417772510584233,0.03190608407578238,0.9876182350063409,86.37850315843619
ST_Elev_V6,0.3410708435545075,0.0,0.1799151338202917,0.04330957412979526,0.9552107568989802,86.24903564187848
ST_Elev_V5_iqr,0.6962508426807614,0.0,-0.3827146023837404,0.004779475162955868,0.9783571163927618,85.28795454457796
ST_Elev_II,0.3650808004863516,0.0,0.3400779755281424,0.03727684923577218,0.9851000943682482,85.07362518725472
Q_Amp_V4,0.35901209648509164,0.0,0.14028783103916848,0.03281864912704593,0.983994927534922,84.51795547170401
ST_Elev_II_iqr,0.7827431848539013,0.0,-0.7360799167500127,0.004827284804756016,0.9862672462237816,83.57933228631131
ST_Elev_V6_iqr,0.7811150056252266,0.0,-0.5543136442338892,0.005071409746460946,0.9693343103604652,83.54276471475582
ST_Elev_V1_iqr,0.779479712086758,0.0,-0.663513634150313,0.007837235687259997,0.992581842725746,83.15412092970604
R_Amp_V6,0.26969536646389036,0.0,-0.3865926422906156,0.03435085167457305,0.9812262618229868,82.86549584505866
Q_Amp_I,0.29260402857020973,0.0,0.251121971106052,0.032428283277362975,0.9931820327848111,82.7997252848169
ST_Elev_III_count,0.23483542049977518,0.0,0.885637024682538,0.07929141066274156,0.8688360359870176,82.63925863436809
ST_Elev_II_count,0.23483542049977518,0.0,0.885637024682538,0.07929141066274156,0.8688360359870176,82.63925863436809
ST_Elev_V2_count,0.23483542049977518,0.0,0.885637024682538,0.07929141066274156,0.8688360359870176,82.63925863436809
ST_Elev_V3_count,0.23483542049977518,0.0,0.885637024682538,0.07929141066274156,0.8688360359870176,82.63925863436809
ST_Elev_V5_count,0.23483542049977518,0.0,0.885637024682538,0.07929141066274156,0.8688360359870176,82.63925863436809
ST_Elev_V6_count,0.23483542049977518,0.0,0.885637024682538,0.07929141066274156,0.8688360359870176,82.63925863436809
ST_Elev_V1_count,0.23483542049977518,0.0,0.885637024682538,0.07929141066274156,0.8688360359870176,82.63925863436809
ST_Elev_I_count,0.23483542049977518,0.0,0.885637024682538,0.07929141066274156,0.8688360359870176,82.63925863436809
ST_Elev_aVR_count,0.23483542049977518,0.0,0.885637024682538,0.07929141066274156,0.8688360359870176,82.63925863436809
ST_Elev_aVL_count,0.23483542049977518,0.0,0.885637024682538,0.07929141066274156,0.8688360359870176,82.63925863436809
ST_Elev_aVF_count,0.23483542049977518,0.0,0.885637024682538,0.07929141066274156,0.8688360359870176,82.63925863436809
ST_Elev_V4_count,0.23483542049977518,0.0,0.885637024682538,0.07929141066274156,0.8688360359870176,82.63925863436809
ST_Elev_aVR_iqr,0.8422643317127246,0.0,-0.6870185896215202,0.004129172172827598,0.9938099148477557,82.51219758367324
ST_Elev_aVF_iqr,0.858952043113746,0.0,-0.8641633542604013,0.006224813113064456,0.9788858096195456,81.84419019724419
ST_Elev_aVL_iqr,0.8717276241526205,0.0,-0.8458493418091299,0.005681641650341894,0.983089243170473,81.671405254497
ST_Elev_III_iqr,0.860676087646911,0.0,-0.9768795009918448,0.007257686270994039,0.9698664201695664,81.63067949550367
ST_Elev_I_iqr,0.8504209687695045,0.0,-1.2298086463740476,0.012810820501979686,0.9891302202797478,80.99675096054376
ST_Elev_III,0.43565301377400406,0.0,0.38394065262233473,0.06095907285245662,0.918678829088055,80.72651307676949
ST_Elev_aVL,0.34851251232999136,0.0,-0.056426255842348554,0.05744700508373419,0.9567748934228971,79.47612351440442
ST_Elev_I,0.3191858958090158,0.0,0.09535990503960685,0.09171664735249951,0.9689713096509123,78.98455843917067
ST_Elev_aVR,0.3610059497076471,0.0,-0.540696620459693,0.09906822045014405,0.9796234829515393,77.6076902309637
ST_Elev_V1,0.5803668348332064,0.0,-0.5804351096894663,0.07403719962965544,0.9352378342006241,77.09468400087212
RR_Mean_Global_count,0.3301177251908316,0.0,0.7131458182935173,0.07928958979613879,0.9860076436294869,77.02056751655604
ST_Elev_aVF,0.3718197123200909,0.0,0.24595785155603356,0.11677150407519285,0.9165619680884137,74.34410050272318
