Dataset,Analysis_Type,Feature_or_Method,Method,Pct_Outliers
MIMIC-IV,Multivariate,All,Isolation Forest,1.0
MIMIC-IV,Multivariate,All,LOF,1.0
MIMIC-IV,Multivariate,All,Mahalanobis,2.99
MIMIC-IV,Univariate,QRS_Dur_Global,IQR,3.26
MIMIC-IV,Univariate,QRS_Dur_Global,Z-Score,0.82
MIMIC-IV,Univariate,QRS_Dur_Global,MAD,0.96
MIMIC-IV,Univariate,QRS_Dur_Global_count,IQR,1.37
MIMIC-IV,Univariate,QRS_Dur_Global_count,Z-Score,0.86
MIMIC-IV,Univariate,QRS_Dur_Global_count,MAD,1.37
MIMIC-IV,Univariate,QRS_Dur_Global_iqr,IQR,1.92
MIMIC-IV,Univariate,QRS_Dur_Global_iqr,Z-Score,1.07
MIMIC-IV,Univariate,QRS_Dur_Global_iqr,MAD,1.0
MIMIC-IV,Univariate,Q_Amp_I,IQR,9.7
MIMIC-IV,Univariate,Q_Amp_I,Z-Score,1.29
MIMIC-IV,Univariate,Q_Amp_I,MAD,7.09
MIMIC-IV,Univariate,Q_Amp_II,IQR,15.88
MIMIC-IV,Univariate,Q_Amp_II,Z-Score,1.52
MIMIC-IV,Univariate,Q_Amp_II,MAD,11.9
MIMIC-IV,Univariate,Q_Amp_III,IQR,7.74
MIMIC-IV,Univariate,Q_Amp_III,Z-Score,0.98
MIMIC-IV,Univariate,Q_Amp_III,MAD,4.21
MIMIC-IV,Univariate,Q_Amp_III_count,IQR,1.38
MIMIC-IV,Univariate,Q_Amp_III_count,Z-Score,0.87
MIMIC-IV,Univariate,Q_Amp_III_count,MAD,1.37
MIMIC-IV,Univariate,Q_Amp_III_iqr,IQR,8.63
MIMIC-IV,Univariate,Q_Amp_III_iqr,Z-Score,0.2
MIMIC-IV,Univariate,Q_Amp_III_iqr,MAD,8.49
MIMIC-IV,Univariate,Q_Amp_II_count,IQR,1.38
MIMIC-IV,Univariate,Q_Amp_II_count,Z-Score,0.87
MIMIC-IV,Univariate,Q_Amp_II_count,MAD,1.37
MIMIC-IV,Univariate,Q_Amp_II_iqr,IQR,8.39
MIMIC-IV,Univariate,Q_Amp_II_iqr,Z-Score,0.16
MIMIC-IV,Univariate,Q_Amp_II_iqr,MAD,8.23
MIMIC-IV,Univariate,Q_Amp_I_count,IQR,1.38
MIMIC-IV,Univariate,Q_Amp_I_count,Z-Score,0.87
MIMIC-IV,Univariate,Q_Amp_I_count,MAD,1.37
MIMIC-IV,Univariate,Q_Amp_I_iqr,IQR,7.81
MIMIC-IV,Univariate,Q_Amp_I_iqr,Z-Score,0.21
MIMIC-IV,Univariate,Q_Amp_I_iqr,MAD,7.18
MIMIC-IV,Univariate,Q_Amp_V1,IQR,9.17
MIMIC-IV,Univariate,Q_Amp_V1,Z-Score,0.36
MIMIC-IV,Univariate,Q_Amp_V1,MAD,6.24
MIMIC-IV,Univariate,Q_Amp_V1_count,IQR,1.38
MIMIC-IV,Univariate,Q_Amp_V1_count,Z-Score,0.87
MIMIC-IV,Univariate,Q_Amp_V1_count,MAD,1.37
MIMIC-IV,Univariate,Q_Amp_V1_iqr,IQR,8.67
MIMIC-IV,Univariate,Q_Amp_V1_iqr,Z-Score,0.07
MIMIC-IV,Univariate,Q_Amp_V1_iqr,MAD,8.77
MIMIC-IV,Univariate,Q_Amp_V2,IQR,3.79
MIMIC-IV,Univariate,Q_Amp_V2,Z-Score,0.63
MIMIC-IV,Univariate,Q_Amp_V2,MAD,2.11
MIMIC-IV,Univariate,Q_Amp_V2_count,IQR,1.38
MIMIC-IV,Univariate,Q_Amp_V2_count,Z-Score,0.87
MIMIC-IV,Univariate,Q_Amp_V2_count,MAD,1.37
MIMIC-IV,Univariate,Q_Amp_V2_iqr,IQR,7.75
MIMIC-IV,Univariate,Q_Amp_V2_iqr,Z-Score,0.17
MIMIC-IV,Univariate,Q_Amp_V2_iqr,MAD,7.35
MIMIC-IV,Univariate,Q_Amp_V3,IQR,2.51
MIMIC-IV,Univariate,Q_Amp_V3,Z-Score,0.76
MIMIC-IV,Univariate,Q_Amp_V3,MAD,1.4
MIMIC-IV,Univariate,Q_Amp_V3_count,IQR,1.38
MIMIC-IV,Univariate,Q_Amp_V3_count,Z-Score,0.87
MIMIC-IV,Univariate,Q_Amp_V3_count,MAD,1.37
MIMIC-IV,Univariate,Q_Amp_V3_iqr,IQR,7.87
MIMIC-IV,Univariate,Q_Amp_V3_iqr,Z-Score,0.19
MIMIC-IV,Univariate,Q_Amp_V3_iqr,MAD,7.83
MIMIC-IV,Univariate,Q_Amp_V4,IQR,6.97
MIMIC-IV,Univariate,Q_Amp_V4,Z-Score,0.98
MIMIC-IV,Univariate,Q_Amp_V4,MAD,18.99
MIMIC-IV,Univariate,Q_Amp_V4_count,IQR,1.38
MIMIC-IV,Univariate,Q_Amp_V4_count,Z-Score,0.87
MIMIC-IV,Univariate,Q_Amp_V4_count,MAD,1.37
MIMIC-IV,Univariate,Q_Amp_V4_iqr,IQR,9.15
MIMIC-IV,Univariate,Q_Amp_V4_iqr,Z-Score,0.21
MIMIC-IV,Univariate,Q_Amp_V4_iqr,MAD,10.37
MIMIC-IV,Univariate,Q_Amp_V5,IQR,19.23
MIMIC-IV,Univariate,Q_Amp_V5,Z-Score,1.1
MIMIC-IV,Univariate,Q_Amp_V5,MAD,16.0
MIMIC-IV,Univariate,Q_Amp_V5_count,IQR,1.38
MIMIC-IV,Univariate,Q_Amp_V5_count,Z-Score,0.87
MIMIC-IV,Univariate,Q_Amp_V5_count,MAD,1.37
MIMIC-IV,Univariate,Q_Amp_V5_iqr,IQR,10.05
MIMIC-IV,Univariate,Q_Amp_V5_iqr,Z-Score,0.18
MIMIC-IV,Univariate,Q_Amp_V5_iqr,MAD,10.62
MIMIC-IV,Univariate,Q_Amp_V6,IQR,13.81
MIMIC-IV,Univariate,Q_Amp_V6,Z-Score,0.65
MIMIC-IV,Univariate,Q_Amp_V6,MAD,10.81
MIMIC-IV,Univariate,Q_Amp_V6_count,IQR,1.38
MIMIC-IV,Univariate,Q_Amp_V6_count,Z-Score,0.87
MIMIC-IV,Univariate,Q_Amp_V6_count,MAD,1.37
MIMIC-IV,Univariate,Q_Amp_V6_iqr,IQR,9.65
MIMIC-IV,Univariate,Q_Amp_V6_iqr,Z-Score,0.11
MIMIC-IV,Univariate,Q_Amp_V6_iqr,MAD,9.7
MIMIC-IV,Univariate,Q_Amp_aVF,IQR,12.98
MIMIC-IV,Univariate,Q_Amp_aVF,Z-Score,0.91
MIMIC-IV,Univariate,Q_Amp_aVF,MAD,8.63
MIMIC-IV,Univariate,Q_Amp_aVF_count,IQR,1.38
MIMIC-IV,Univariate,Q_Amp_aVF_count,Z-Score,0.87
MIMIC-IV,Univariate,Q_Amp_aVF_count,MAD,1.37
MIMIC-IV,Univariate,Q_Amp_aVF_iqr,IQR,8.53
MIMIC-IV,Univariate,Q_Amp_aVF_iqr,Z-Score,0.08
MIMIC-IV,Univariate,Q_Amp_aVF_iqr,MAD,8.01
MIMIC-IV,Univariate,Q_Amp_aVL,IQR,7.43
MIMIC-IV,Univariate,Q_Amp_aVL,Z-Score,1.05
MIMIC-IV,Univariate,Q_Amp_aVL,MAD,5.66
MIMIC-IV,Univariate,Q_Amp_aVL_count,IQR,1.38
MIMIC-IV,Univariate,Q_Amp_aVL_count,Z-Score,0.87
MIMIC-IV,Univariate,Q_Amp_aVL_count,MAD,1.37
MIMIC-IV,Univariate,Q_Amp_aVL_iqr,IQR,8.5
MIMIC-IV,Univariate,Q_Amp_aVL_iqr,Z-Score,0.12
MIMIC-IV,Univariate,Q_Amp_aVL_iqr,MAD,8.48
MIMIC-IV,Univariate,Q_Amp_aVR,IQR,8.59
MIMIC-IV,Univariate,Q_Amp_aVR,Z-Score,0.67
MIMIC-IV,Univariate,Q_Amp_aVR,MAD,5.98
MIMIC-IV,Univariate,Q_Amp_aVR_count,IQR,1.38
MIMIC-IV,Univariate,Q_Amp_aVR_count,Z-Score,0.87
MIMIC-IV,Univariate,Q_Amp_aVR_count,MAD,1.37
MIMIC-IV,Univariate,Q_Amp_aVR_iqr,IQR,7.72
MIMIC-IV,Univariate,Q_Amp_aVR_iqr,Z-Score,0.02
MIMIC-IV,Univariate,Q_Amp_aVR_iqr,MAD,7.28
MIMIC-IV,Univariate,RR_Mean_Global,IQR,1.34
MIMIC-IV,Univariate,RR_Mean_Global,Z-Score,0.75
MIMIC-IV,Univariate,RR_Mean_Global,MAD,0.5
MIMIC-IV,Univariate,RR_Mean_Global_count,IQR,1.38
MIMIC-IV,Univariate,RR_Mean_Global_count,Z-Score,0.87
MIMIC-IV,Univariate,RR_Mean_Global_count,MAD,1.37
MIMIC-IV,Univariate,RR_Mean_Global_iqr,IQR,13.75
MIMIC-IV,Univariate,RR_Mean_Global_iqr,Z-Score,2.14
MIMIC-IV,Univariate,RR_Mean_Global_iqr,MAD,18.64
MIMIC-IV,Univariate,R_Amp_I,IQR,5.65
MIMIC-IV,Univariate,R_Amp_I,Z-Score,0.08
MIMIC-IV,Univariate,R_Amp_I,MAD,1.63
MIMIC-IV,Univariate,R_Amp_II,IQR,6.21
MIMIC-IV,Univariate,R_Amp_II,Z-Score,0.07
MIMIC-IV,Univariate,R_Amp_II,MAD,2.57
MIMIC-IV,Univariate,R_Amp_III,IQR,1.12
MIMIC-IV,Univariate,R_Amp_III,Z-Score,0.08
MIMIC-IV,Univariate,R_Amp_III,MAD,0.27
MIMIC-IV,Univariate,R_Amp_III_count,IQR,1.38
MIMIC-IV,Univariate,R_Amp_III_count,Z-Score,0.87
MIMIC-IV,Univariate,R_Amp_III_count,MAD,1.37
MIMIC-IV,Univariate,R_Amp_III_iqr,IQR,5.87
MIMIC-IV,Univariate,R_Amp_III_iqr,Z-Score,0.13
MIMIC-IV,Univariate,R_Amp_III_iqr,MAD,4.91
MIMIC-IV,Univariate,R_Amp_II_count,IQR,1.38
MIMIC-IV,Univariate,R_Amp_II_count,Z-Score,0.87
MIMIC-IV,Univariate,R_Amp_II_count,MAD,1.37
MIMIC-IV,Univariate,R_Amp_II_iqr,IQR,6.51
MIMIC-IV,Univariate,R_Amp_II_iqr,Z-Score,0.15
MIMIC-IV,Univariate,R_Amp_II_iqr,MAD,5.57
MIMIC-IV,Univariate,R_Amp_I_count,IQR,1.38
MIMIC-IV,Univariate,R_Amp_I_count,Z-Score,0.87
MIMIC-IV,Univariate,R_Amp_I_count,MAD,1.37
MIMIC-IV,Univariate,R_Amp_I_iqr,IQR,5.49
MIMIC-IV,Univariate,R_Amp_I_iqr,Z-Score,0.06
MIMIC-IV,Univariate,R_Amp_I_iqr,MAD,4.34
MIMIC-IV,Univariate,R_Amp_V1,IQR,10.14
MIMIC-IV,Univariate,R_Amp_V1,Z-Score,0.31
MIMIC-IV,Univariate,R_Amp_V1,MAD,4.69
MIMIC-IV,Univariate,R_Amp_V1_count,IQR,1.38
MIMIC-IV,Univariate,R_Amp_V1_count,Z-Score,0.87
MIMIC-IV,Univariate,R_Amp_V1_count,MAD,1.37
MIMIC-IV,Univariate,R_Amp_V1_iqr,IQR,6.57
MIMIC-IV,Univariate,R_Amp_V1_iqr,Z-Score,0.15
MIMIC-IV,Univariate,R_Amp_V1_iqr,MAD,5.88
MIMIC-IV,Univariate,R_Amp_V2,IQR,9.06
MIMIC-IV,Univariate,R_Amp_V2,Z-Score,0.31
MIMIC-IV,Univariate,R_Amp_V2,MAD,3.14
MIMIC-IV,Univariate,R_Amp_V2_count,IQR,1.38
MIMIC-IV,Univariate,R_Amp_V2_count,Z-Score,0.87
MIMIC-IV,Univariate,R_Amp_V2_count,MAD,1.37
MIMIC-IV,Univariate,R_Amp_V2_iqr,IQR,6.62
MIMIC-IV,Univariate,R_Amp_V2_iqr,Z-Score,0.28
MIMIC-IV,Univariate,R_Amp_V2_iqr,MAD,5.79
MIMIC-IV,Univariate,R_Amp_V3,IQR,0.71
MIMIC-IV,Univariate,R_Amp_V3,Z-Score,0.25
MIMIC-IV,Univariate,R_Amp_V3,MAD,0.7
MIMIC-IV,Univariate,R_Amp_V3_count,IQR,1.38
MIMIC-IV,Univariate,R_Amp_V3_count,Z-Score,0.87
MIMIC-IV,Univariate,R_Amp_V3_count,MAD,1.37
MIMIC-IV,Univariate,R_Amp_V3_iqr,IQR,7.01
MIMIC-IV,Univariate,R_Amp_V3_iqr,Z-Score,0.32
MIMIC-IV,Univariate,R_Amp_V3_iqr,MAD,6.32
MIMIC-IV,Univariate,R_Amp_V4,IQR,0.4
MIMIC-IV,Univariate,R_Amp_V4,Z-Score,0.25
MIMIC-IV,Univariate,R_Amp_V4,MAD,0.19
MIMIC-IV,Univariate,R_Amp_V4_count,IQR,1.38
MIMIC-IV,Univariate,R_Amp_V4_count,Z-Score,0.87
MIMIC-IV,Univariate,R_Amp_V4_count,MAD,1.37
MIMIC-IV,Univariate,R_Amp_V4_iqr,IQR,6.62
MIMIC-IV,Univariate,R_Amp_V4_iqr,Z-Score,0.24
MIMIC-IV,Univariate,R_Amp_V4_iqr,MAD,5.73
MIMIC-IV,Univariate,R_Amp_V5,IQR,6.91
MIMIC-IV,Univariate,R_Amp_V5,Z-Score,0.29
MIMIC-IV,Univariate,R_Amp_V5,MAD,2.17
MIMIC-IV,Univariate,R_Amp_V5_count,IQR,1.38
MIMIC-IV,Univariate,R_Amp_V5_count,Z-Score,0.87
MIMIC-IV,Univariate,R_Amp_V5_count,MAD,1.37
MIMIC-IV,Univariate,R_Amp_V5_iqr,IQR,6.34
MIMIC-IV,Univariate,R_Amp_V5_iqr,Z-Score,0.22
MIMIC-IV,Univariate,R_Amp_V5_iqr,MAD,5.44
MIMIC-IV,Univariate,R_Amp_V6,IQR,8.52
MIMIC-IV,Univariate,R_Amp_V6,Z-Score,0.3
MIMIC-IV,Univariate,R_Amp_V6,MAD,3.08
MIMIC-IV,Univariate,R_Amp_V6_count,IQR,1.38
MIMIC-IV,Univariate,R_Amp_V6_count,Z-Score,0.87
MIMIC-IV,Univariate,R_Amp_V6_count,MAD,1.37
MIMIC-IV,Univariate,R_Amp_V6_iqr,IQR,6.51
MIMIC-IV,Univariate,R_Amp_V6_iqr,Z-Score,0.16
MIMIC-IV,Univariate,R_Amp_V6_iqr,MAD,5.68
MIMIC-IV,Univariate,R_Amp_aVF,IQR,3.62
MIMIC-IV,Univariate,R_Amp_aVF,Z-Score,0.07
MIMIC-IV,Univariate,R_Amp_aVF,MAD,0.97
MIMIC-IV,Univariate,R_Amp_aVF_count,IQR,1.38
MIMIC-IV,Univariate,R_Amp_aVF_count,Z-Score,0.87
MIMIC-IV,Univariate,R_Amp_aVF_count,MAD,1.37
MIMIC-IV,Univariate,R_Amp_aVF_iqr,IQR,5.67
MIMIC-IV,Univariate,R_Amp_aVF_iqr,Z-Score,0.06
MIMIC-IV,Univariate,R_Amp_aVF_iqr,MAD,4.62
MIMIC-IV,Univariate,R_Amp_aVL,IQR,1.27
MIMIC-IV,Univariate,R_Amp_aVL,Z-Score,0.06
MIMIC-IV,Univariate,R_Amp_aVL,MAD,0.37
MIMIC-IV,Univariate,R_Amp_aVL_count,IQR,1.38
MIMIC-IV,Univariate,R_Amp_aVL_count,Z-Score,0.87
MIMIC-IV,Univariate,R_Amp_aVL_count,MAD,1.37
MIMIC-IV,Univariate,R_Amp_aVL_iqr,IQR,6.19
MIMIC-IV,Univariate,R_Amp_aVL_iqr,Z-Score,0.12
MIMIC-IV,Univariate,R_Amp_aVL_iqr,MAD,5.23
MIMIC-IV,Univariate,R_Amp_aVR,IQR,7.97
MIMIC-IV,Univariate,R_Amp_aVR,Z-Score,0.05
MIMIC-IV,Univariate,R_Amp_aVR,MAD,2.37
MIMIC-IV,Univariate,R_Amp_aVR_count,IQR,1.38
MIMIC-IV,Univariate,R_Amp_aVR_count,Z-Score,0.87
MIMIC-IV,Univariate,R_Amp_aVR_count,MAD,1.37
MIMIC-IV,Univariate,R_Amp_aVR_iqr,IQR,6.33
MIMIC-IV,Univariate,R_Amp_aVR_iqr,Z-Score,0.02
MIMIC-IV,Univariate,R_Amp_aVR_iqr,MAD,5.42
MIMIC-IV,Univariate,ST_Elev_I,IQR,7.83
MIMIC-IV,Univariate,ST_Elev_I,Z-Score,0.42
MIMIC-IV,Univariate,ST_Elev_I,MAD,4.77
MIMIC-IV,Univariate,ST_Elev_II,IQR,7.25
MIMIC-IV,Univariate,ST_Elev_II,Z-Score,0.35
MIMIC-IV,Univariate,ST_Elev_II,MAD,4.29
MIMIC-IV,Univariate,ST_Elev_III,IQR,10.16
MIMIC-IV,Univariate,ST_Elev_III,Z-Score,0.55
MIMIC-IV,Univariate,ST_Elev_III,MAD,7.02
MIMIC-IV,Univariate,ST_Elev_III_count,IQR,1.38
MIMIC-IV,Univariate,ST_Elev_III_count,Z-Score,0.87
MIMIC-IV,Univariate,ST_Elev_III_count,MAD,1.37
MIMIC-IV,Univariate,ST_Elev_III_iqr,IQR,7.9
MIMIC-IV,Univariate,ST_Elev_III_iqr,Z-Score,0.04
MIMIC-IV,Univariate,ST_Elev_III_iqr,MAD,7.49
MIMIC-IV,Univariate,ST_Elev_II_count,IQR,1.38
MIMIC-IV,Univariate,ST_Elev_II_count,Z-Score,0.87
MIMIC-IV,Univariate,ST_Elev_II_count,MAD,1.37
MIMIC-IV,Univariate,ST_Elev_II_iqr,IQR,7.28
MIMIC-IV,Univariate,ST_Elev_II_iqr,Z-Score,0.03
MIMIC-IV,Univariate,ST_Elev_II_iqr,MAD,6.74
MIMIC-IV,Univariate,ST_Elev_I_count,IQR,1.38
MIMIC-IV,Univariate,ST_Elev_I_count,Z-Score,0.87
MIMIC-IV,Univariate,ST_Elev_I_count,MAD,1.37
MIMIC-IV,Univariate,ST_Elev_I_iqr,IQR,6.85
MIMIC-IV,Univariate,ST_Elev_I_iqr,Z-Score,0.04
MIMIC-IV,Univariate,ST_Elev_I_iqr,MAD,6.28
MIMIC-IV,Univariate,ST_Elev_V1,IQR,11.62
MIMIC-IV,Univariate,ST_Elev_V1,Z-Score,0.18
MIMIC-IV,Univariate,ST_Elev_V1,MAD,8.35
MIMIC-IV,Univariate,ST_Elev_V1_count,IQR,1.38
MIMIC-IV,Univariate,ST_Elev_V1_count,Z-Score,0.87
MIMIC-IV,Univariate,ST_Elev_V1_count,MAD,1.37
MIMIC-IV,Univariate,ST_Elev_V1_iqr,IQR,8.13
MIMIC-IV,Univariate,ST_Elev_V1_iqr,Z-Score,0.03
MIMIC-IV,Univariate,ST_Elev_V1_iqr,MAD,8.22
MIMIC-IV,Univariate,ST_Elev_V2,IQR,9.01
MIMIC-IV,Univariate,ST_Elev_V2,Z-Score,0.22
MIMIC-IV,Univariate,ST_Elev_V2,MAD,6.4
MIMIC-IV,Univariate,ST_Elev_V2_count,IQR,1.38
MIMIC-IV,Univariate,ST_Elev_V2_count,Z-Score,0.87
MIMIC-IV,Univariate,ST_Elev_V2_count,MAD,1.37
MIMIC-IV,Univariate,ST_Elev_V2_iqr,IQR,7.99
MIMIC-IV,Univariate,ST_Elev_V2_iqr,Z-Score,0.06
MIMIC-IV,Univariate,ST_Elev_V2_iqr,MAD,7.96
MIMIC-IV,Univariate,ST_Elev_V3,IQR,8.31
MIMIC-IV,Univariate,ST_Elev_V3,Z-Score,0.24
MIMIC-IV,Univariate,ST_Elev_V3,MAD,5.63
MIMIC-IV,Univariate,ST_Elev_V3_count,IQR,1.38
MIMIC-IV,Univariate,ST_Elev_V3_count,Z-Score,0.87
MIMIC-IV,Univariate,ST_Elev_V3_count,MAD,1.37
MIMIC-IV,Univariate,ST_Elev_V3_iqr,IQR,8.26
MIMIC-IV,Univariate,ST_Elev_V3_iqr,Z-Score,0.04
MIMIC-IV,Univariate,ST_Elev_V3_iqr,MAD,8.31
MIMIC-IV,Univariate,ST_Elev_V4,IQR,8.56
MIMIC-IV,Univariate,ST_Elev_V4,Z-Score,0.18
MIMIC-IV,Univariate,ST_Elev_V4,MAD,5.39
MIMIC-IV,Univariate,ST_Elev_V4_count,IQR,1.38
MIMIC-IV,Univariate,ST_Elev_V4_count,Z-Score,0.87
MIMIC-IV,Univariate,ST_Elev_V4_count,MAD,1.37
MIMIC-IV,Univariate,ST_Elev_V4_iqr,IQR,8.54
MIMIC-IV,Univariate,ST_Elev_V4_iqr,Z-Score,0.05
MIMIC-IV,Univariate,ST_Elev_V4_iqr,MAD,8.45
MIMIC-IV,Univariate,ST_Elev_V5,IQR,8.69
MIMIC-IV,Univariate,ST_Elev_V5,Z-Score,0.16
MIMIC-IV,Univariate,ST_Elev_V5,MAD,5.41
MIMIC-IV,Univariate,ST_Elev_V5_count,IQR,1.38
MIMIC-IV,Univariate,ST_Elev_V5_count,Z-Score,0.87
MIMIC-IV,Univariate,ST_Elev_V5_count,MAD,1.37
MIMIC-IV,Univariate,ST_Elev_V5_iqr,IQR,8.63
MIMIC-IV,Univariate,ST_Elev_V5_iqr,Z-Score,0.03
MIMIC-IV,Univariate,ST_Elev_V5_iqr,MAD,8.4
MIMIC-IV,Univariate,ST_Elev_V6,IQR,8.51
MIMIC-IV,Univariate,ST_Elev_V6,Z-Score,0.19
MIMIC-IV,Univariate,ST_Elev_V6,MAD,5.4
MIMIC-IV,Univariate,ST_Elev_V6_count,IQR,1.38
MIMIC-IV,Univariate,ST_Elev_V6_count,Z-Score,0.87
MIMIC-IV,Univariate,ST_Elev_V6_count,MAD,1.37
MIMIC-IV,Univariate,ST_Elev_V6_iqr,IQR,8.45
MIMIC-IV,Univariate,ST_Elev_V6_iqr,Z-Score,0.04
MIMIC-IV,Univariate,ST_Elev_V6_iqr,MAD,8.18
MIMIC-IV,Univariate,ST_Elev_aVF,IQR,10.06
MIMIC-IV,Univariate,ST_Elev_aVF,Z-Score,0.63
MIMIC-IV,Univariate,ST_Elev_aVF,MAD,6.94
MIMIC-IV,Univariate,ST_Elev_aVF_count,IQR,1.38
MIMIC-IV,Univariate,ST_Elev_aVF_count,Z-Score,0.87
MIMIC-IV,Univariate,ST_Elev_aVF_count,MAD,1.37
MIMIC-IV,Univariate,ST_Elev_aVF_iqr,IQR,7.48
MIMIC-IV,Univariate,ST_Elev_aVF_iqr,Z-Score,0.02
MIMIC-IV,Univariate,ST_Elev_aVF_iqr,MAD,6.91
MIMIC-IV,Univariate,ST_Elev_aVL,IQR,8.69
MIMIC-IV,Univariate,ST_Elev_aVL,Z-Score,0.4
MIMIC-IV,Univariate,ST_Elev_aVL,MAD,5.63
MIMIC-IV,Univariate,ST_Elev_aVL_count,IQR,1.38
MIMIC-IV,Univariate,ST_Elev_aVL_count,Z-Score,0.87
MIMIC-IV,Univariate,ST_Elev_aVL_count,MAD,1.37
MIMIC-IV,Univariate,ST_Elev_aVL_iqr,IQR,7.68
MIMIC-IV,Univariate,ST_Elev_aVL_iqr,Z-Score,0.02
MIMIC-IV,Univariate,ST_Elev_aVL_iqr,MAD,7.17
MIMIC-IV,Univariate,ST_Elev_aVR,IQR,6.53
MIMIC-IV,Univariate,ST_Elev_aVR,Z-Score,0.13
MIMIC-IV,Univariate,ST_Elev_aVR,MAD,3.64
MIMIC-IV,Univariate,ST_Elev_aVR_count,IQR,1.38
MIMIC-IV,Univariate,ST_Elev_aVR_count,Z-Score,0.87
MIMIC-IV,Univariate,ST_Elev_aVR_count,MAD,1.37
MIMIC-IV,Univariate,ST_Elev_aVR_iqr,IQR,6.9
MIMIC-IV,Univariate,ST_Elev_aVR_iqr,Z-Score,0.01
MIMIC-IV,Univariate,ST_Elev_aVR_iqr,MAD,6.21
MIMIC-IV,Univariate,S_Amp_V1,IQR,11.62
MIMIC-IV,Univariate,S_Amp_V1,Z-Score,0.67
MIMIC-IV,Univariate,S_Amp_V1,MAD,8.74
MIMIC-IV,Univariate,S_Amp_V1_count,IQR,1.38
MIMIC-IV,Univariate,S_Amp_V1_count,Z-Score,0.87
MIMIC-IV,Univariate,S_Amp_V1_count,MAD,1.37
MIMIC-IV,Univariate,S_Amp_V1_iqr,IQR,8.36
MIMIC-IV,Univariate,S_Amp_V1_iqr,Z-Score,0.1
MIMIC-IV,Univariate,S_Amp_V1_iqr,MAD,8.43
MIMIC-IV,Univariate,S_Amp_V2,IQR,16.96
MIMIC-IV,Univariate,S_Amp_V2,Z-Score,1.23
MIMIC-IV,Univariate,S_Amp_V2,MAD,14.63
MIMIC-IV,Univariate,S_Amp_V2_count,IQR,1.38
MIMIC-IV,Univariate,S_Amp_V2_count,Z-Score,0.87
MIMIC-IV,Univariate,S_Amp_V2_count,MAD,1.37
MIMIC-IV,Univariate,S_Amp_V2_iqr,IQR,8.69
MIMIC-IV,Univariate,S_Amp_V2_iqr,Z-Score,0.16
MIMIC-IV,Univariate,S_Amp_V2_iqr,MAD,8.6
MIMIC-IV,Univariate,S_Amp_V3,IQR,8.5
MIMIC-IV,Univariate,S_Amp_V3,Z-Score,0.99
MIMIC-IV,Univariate,S_Amp_V3,MAD,19.22
MIMIC-IV,Univariate,S_Amp_V3_count,IQR,1.38
MIMIC-IV,Univariate,S_Amp_V3_count,Z-Score,0.87
MIMIC-IV,Univariate,S_Amp_V3_count,MAD,1.37
MIMIC-IV,Univariate,S_Amp_V3_iqr,IQR,8.64
MIMIC-IV,Univariate,S_Amp_V3_iqr,Z-Score,0.1
MIMIC-IV,Univariate,S_Amp_V3_iqr,MAD,8.42
MIMIC-IV,Univariate,T_Amp_I,IQR,4.72
MIMIC-IV,Univariate,T_Amp_I,Z-Score,0.5
MIMIC-IV,Univariate,T_Amp_I,MAD,1.89
MIMIC-IV,Univariate,T_Amp_II,IQR,3.49
MIMIC-IV,Univariate,T_Amp_II,Z-Score,0.4
MIMIC-IV,Univariate,T_Amp_II,MAD,1.42
MIMIC-IV,Univariate,T_Amp_III,IQR,4.7
MIMIC-IV,Univariate,T_Amp_III,Z-Score,0.61
MIMIC-IV,Univariate,T_Amp_III,MAD,2.33
MIMIC-IV,Univariate,T_Amp_III_count,IQR,1.38
MIMIC-IV,Univariate,T_Amp_III_count,Z-Score,0.87
MIMIC-IV,Univariate,T_Amp_III_count,MAD,1.37
MIMIC-IV,Univariate,T_Amp_III_iqr,IQR,9.18
MIMIC-IV,Univariate,T_Amp_III_iqr,Z-Score,0.17
MIMIC-IV,Univariate,T_Amp_III_iqr,MAD,9.0
MIMIC-IV,Univariate,T_Amp_II_count,IQR,1.38
MIMIC-IV,Univariate,T_Amp_II_count,Z-Score,0.87
MIMIC-IV,Univariate,T_Amp_II_count,MAD,1.37
MIMIC-IV,Univariate,T_Amp_II_iqr,IQR,10.02
MIMIC-IV,Univariate,T_Amp_II_iqr,Z-Score,0.15
MIMIC-IV,Univariate,T_Amp_II_iqr,MAD,9.95
MIMIC-IV,Univariate,T_Amp_I_count,IQR,1.38
MIMIC-IV,Univariate,T_Amp_I_count,Z-Score,0.87
MIMIC-IV,Univariate,T_Amp_I_count,MAD,1.37
MIMIC-IV,Univariate,T_Amp_I_iqr,IQR,9.45
MIMIC-IV,Univariate,T_Amp_I_iqr,Z-Score,0.37
MIMIC-IV,Univariate,T_Amp_I_iqr,MAD,9.12
MIMIC-IV,Univariate,T_Amp_V1,IQR,4.51
MIMIC-IV,Univariate,T_Amp_V1,Z-Score,0.2
MIMIC-IV,Univariate,T_Amp_V1,MAD,2.54
MIMIC-IV,Univariate,T_Amp_V1_count,IQR,1.38
MIMIC-IV,Univariate,T_Amp_V1_count,Z-Score,0.87
MIMIC-IV,Univariate,T_Amp_V1_count,MAD,1.37
MIMIC-IV,Univariate,T_Amp_V1_iqr,IQR,9.5
MIMIC-IV,Univariate,T_Amp_V1_iqr,Z-Score,0.04
MIMIC-IV,Univariate,T_Amp_V1_iqr,MAD,10.24
MIMIC-IV,Univariate,T_Amp_V2,IQR,4.33
MIMIC-IV,Univariate,T_Amp_V2,Z-Score,0.24
MIMIC-IV,Univariate,T_Amp_V2,MAD,2.12
MIMIC-IV,Univariate,T_Amp_V2_count,IQR,1.38
MIMIC-IV,Univariate,T_Amp_V2_count,Z-Score,0.87
MIMIC-IV,Univariate,T_Amp_V2_count,MAD,1.37
MIMIC-IV,Univariate,T_Amp_V2_iqr,IQR,8.21
MIMIC-IV,Univariate,T_Amp_V2_iqr,Z-Score,0.07
MIMIC-IV,Univariate,T_Amp_V2_iqr,MAD,7.86
MIMIC-IV,Univariate,T_Amp_V3,IQR,4.9
MIMIC-IV,Univariate,T_Amp_V3,Z-Score,0.22
MIMIC-IV,Univariate,T_Amp_V3,MAD,2.53
MIMIC-IV,Univariate,T_Amp_V3_count,IQR,1.38
MIMIC-IV,Univariate,T_Amp_V3_count,Z-Score,0.87
MIMIC-IV,Univariate,T_Amp_V3_count,MAD,1.37
MIMIC-IV,Univariate,T_Amp_V3_iqr,IQR,8.56
MIMIC-IV,Univariate,T_Amp_V3_iqr,Z-Score,0.07
MIMIC-IV,Univariate,T_Amp_V3_iqr,MAD,8.43
MIMIC-IV,Univariate,T_Amp_V4,IQR,5.24
MIMIC-IV,Univariate,T_Amp_V4,Z-Score,0.16
MIMIC-IV,Univariate,T_Amp_V4,MAD,2.67
MIMIC-IV,Univariate,T_Amp_V4_count,IQR,1.38
MIMIC-IV,Univariate,T_Amp_V4_count,Z-Score,0.87
MIMIC-IV,Univariate,T_Amp_V4_count,MAD,1.37
MIMIC-IV,Univariate,T_Amp_V4_iqr,IQR,9.37
MIMIC-IV,Univariate,T_Amp_V4_iqr,Z-Score,0.03
MIMIC-IV,Univariate,T_Amp_V4_iqr,MAD,9.39
MIMIC-IV,Univariate,T_Amp_V5,IQR,5.35
MIMIC-IV,Univariate,T_Amp_V5,Z-Score,0.15
MIMIC-IV,Univariate,T_Amp_V5,MAD,2.56
MIMIC-IV,Univariate,T_Amp_V5_count,IQR,1.38
MIMIC-IV,Univariate,T_Amp_V5_count,Z-Score,0.87
MIMIC-IV,Univariate,T_Amp_V5_count,MAD,1.37
MIMIC-IV,Univariate,T_Amp_V5_iqr,IQR,10.06
MIMIC-IV,Univariate,T_Amp_V5_iqr,Z-Score,0.04
MIMIC-IV,Univariate,T_Amp_V5_iqr,MAD,10.19
MIMIC-IV,Univariate,T_Amp_V6,IQR,5.48
MIMIC-IV,Univariate,T_Amp_V6,Z-Score,0.16
MIMIC-IV,Univariate,T_Amp_V6,MAD,2.62
MIMIC-IV,Univariate,T_Amp_V6_count,IQR,1.38
MIMIC-IV,Univariate,T_Amp_V6_count,Z-Score,0.87
MIMIC-IV,Univariate,T_Amp_V6_count,MAD,1.37
MIMIC-IV,Univariate,T_Amp_V6_iqr,IQR,10.59
MIMIC-IV,Univariate,T_Amp_V6_iqr,Z-Score,0.04
MIMIC-IV,Univariate,T_Amp_V6_iqr,MAD,10.84
MIMIC-IV,Univariate,T_Amp_aVF,IQR,6.79
MIMIC-IV,Univariate,T_Amp_aVF,Z-Score,0.2
MIMIC-IV,Univariate,T_Amp_aVF,MAD,3.38
MIMIC-IV,Univariate,T_Amp_aVF_count,IQR,1.38
MIMIC-IV,Univariate,T_Amp_aVF_count,Z-Score,0.87
MIMIC-IV,Univariate,T_Amp_aVF_count,MAD,1.37
MIMIC-IV,Univariate,T_Amp_aVF_iqr,IQR,9.13
MIMIC-IV,Univariate,T_Amp_aVF_iqr,Z-Score,0.07
MIMIC-IV,Univariate,T_Amp_aVF_iqr,MAD,8.79
MIMIC-IV,Univariate,T_Amp_aVL,IQR,5.28
MIMIC-IV,Univariate,T_Amp_aVL,Z-Score,0.6
MIMIC-IV,Univariate,T_Amp_aVL,MAD,2.72
MIMIC-IV,Univariate,T_Amp_aVL_count,IQR,1.38
MIMIC-IV,Univariate,T_Amp_aVL_count,Z-Score,0.87
MIMIC-IV,Univariate,T_Amp_aVL_count,MAD,1.37
MIMIC-IV,Univariate,T_Amp_aVL_iqr,IQR,9.62
MIMIC-IV,Univariate,T_Amp_aVL_iqr,Z-Score,0.17
MIMIC-IV,Univariate,T_Amp_aVL_iqr,MAD,9.41
MIMIC-IV,Univariate,T_Amp_aVR,IQR,1.61
MIMIC-IV,Univariate,T_Amp_aVR,Z-Score,0.05
MIMIC-IV,Univariate,T_Amp_aVR,MAD,0.48
MIMIC-IV,Univariate,T_Amp_aVR_count,IQR,1.38
MIMIC-IV,Univariate,T_Amp_aVR_count,Z-Score,0.87
MIMIC-IV,Univariate,T_Amp_aVR_count,MAD,1.37
MIMIC-IV,Univariate,T_Amp_aVR_iqr,IQR,9.71
MIMIC-IV,Univariate,T_Amp_aVR_iqr,Z-Score,0.02
MIMIC-IV,Univariate,T_Amp_aVR_iqr,MAD,9.52
PTB-XL,Multivariate,All,Isolation Forest,1.0
PTB-XL,Multivariate,All,LOF,1.0
PTB-XL,Multivariate,All,Mahalanobis,8.1
PTB-XL,Univariate,QRS_Dur_Global,IQR,4.25
PTB-XL,Univariate,QRS_Dur_Global,Z-Score,1.49
PTB-XL,Univariate,QRS_Dur_Global,MAD,3.09
PTB-XL,Univariate,QRS_Dur_Global_count,IQR,4.34
PTB-XL,Univariate,QRS_Dur_Global_count,Z-Score,1.36
PTB-XL,Univariate,QRS_Dur_Global_count,MAD,0.67
PTB-XL,Univariate,QRS_Dur_Global_iqr,IQR,1.97
PTB-XL,Univariate,QRS_Dur_Global_iqr,Z-Score,1.03
PTB-XL,Univariate,QRS_Dur_Global_iqr,MAD,0.73
PTB-XL,Univariate,Q_Amp_I,IQR,7.09
PTB-XL,Univariate,Q_Amp_I,Z-Score,2.46
PTB-XL,Univariate,Q_Amp_I,MAD,5.86
PTB-XL,Univariate,Q_Amp_II,IQR,15.37
PTB-XL,Univariate,Q_Amp_II,Z-Score,1.71
PTB-XL,Univariate,Q_Amp_II,MAD,12.04
PTB-XL,Univariate,Q_Amp_III,IQR,4.92
PTB-XL,Univariate,Q_Amp_III,Z-Score,1.28
PTB-XL,Univariate,Q_Amp_III,MAD,2.39
PTB-XL,Univariate,Q_Amp_III_count,IQR,1.38
PTB-XL,Univariate,Q_Amp_III_count,Z-Score,1.38
PTB-XL,Univariate,Q_Amp_III_count,MAD,0.69
PTB-XL,Univariate,Q_Amp_III_iqr,IQR,7.82
PTB-XL,Univariate,Q_Amp_III_iqr,Z-Score,1.73
PTB-XL,Univariate,Q_Amp_III_iqr,MAD,7.32
PTB-XL,Univariate,Q_Amp_II_count,IQR,1.38
PTB-XL,Univariate,Q_Amp_II_count,Z-Score,1.38
PTB-XL,Univariate,Q_Amp_II_count,MAD,0.69
PTB-XL,Univariate,Q_Amp_II_iqr,IQR,8.03
PTB-XL,Univariate,Q_Amp_II_iqr,Z-Score,1.53
PTB-XL,Univariate,Q_Amp_II_iqr,MAD,7.19
PTB-XL,Univariate,Q_Amp_I_count,IQR,1.38
PTB-XL,Univariate,Q_Amp_I_count,Z-Score,1.38
PTB-XL,Univariate,Q_Amp_I_count,MAD,0.69
PTB-XL,Univariate,Q_Amp_I_iqr,IQR,8.43
PTB-XL,Univariate,Q_Amp_I_iqr,Z-Score,1.65
PTB-XL,Univariate,Q_Amp_I_iqr,MAD,8.28
PTB-XL,Univariate,Q_Amp_V1,IQR,5.86
PTB-XL,Univariate,Q_Amp_V1,Z-Score,1.88
PTB-XL,Univariate,Q_Amp_V1,MAD,3.41
PTB-XL,Univariate,Q_Amp_V1_count,IQR,1.38
PTB-XL,Univariate,Q_Amp_V1_count,Z-Score,1.38
PTB-XL,Univariate,Q_Amp_V1_count,MAD,0.69
PTB-XL,Univariate,Q_Amp_V1_iqr,IQR,10.71
PTB-XL,Univariate,Q_Amp_V1_iqr,Z-Score,1.74
PTB-XL,Univariate,Q_Amp_V1_iqr,MAD,10.15
PTB-XL,Univariate,Q_Amp_V2,IQR,2.17
PTB-XL,Univariate,Q_Amp_V2,Z-Score,1.06
PTB-XL,Univariate,Q_Amp_V2,MAD,0.85
PTB-XL,Univariate,Q_Amp_V2_count,IQR,1.38
PTB-XL,Univariate,Q_Amp_V2_count,Z-Score,1.38
PTB-XL,Univariate,Q_Amp_V2_count,MAD,0.69
PTB-XL,Univariate,Q_Amp_V2_iqr,IQR,9.06
PTB-XL,Univariate,Q_Amp_V2_iqr,Z-Score,2.1
PTB-XL,Univariate,Q_Amp_V2_iqr,MAD,9.14
PTB-XL,Univariate,Q_Amp_V3,IQR,1.19
PTB-XL,Univariate,Q_Amp_V3,Z-Score,0.9
PTB-XL,Univariate,Q_Amp_V3,MAD,0.75
PTB-XL,Univariate,Q_Amp_V3_count,IQR,1.38
PTB-XL,Univariate,Q_Amp_V3_count,Z-Score,1.38
PTB-XL,Univariate,Q_Amp_V3_count,MAD,0.69
PTB-XL,Univariate,Q_Amp_V3_iqr,IQR,9.32
PTB-XL,Univariate,Q_Amp_V3_iqr,Z-Score,1.97
PTB-XL,Univariate,Q_Amp_V3_iqr,MAD,8.82
PTB-XL,Univariate,Q_Amp_V4,IQR,19.68
PTB-XL,Univariate,Q_Amp_V4,Z-Score,2.11
PTB-XL,Univariate,Q_Amp_V4,MAD,20.34
PTB-XL,Univariate,Q_Amp_V4_count,IQR,1.39
PTB-XL,Univariate,Q_Amp_V4_count,Z-Score,1.39
PTB-XL,Univariate,Q_Amp_V4_count,MAD,0.69
PTB-XL,Univariate,Q_Amp_V4_iqr,IQR,8.63
PTB-XL,Univariate,Q_Amp_V4_iqr,Z-Score,1.63
PTB-XL,Univariate,Q_Amp_V4_iqr,MAD,8.28
PTB-XL,Univariate,Q_Amp_V5,IQR,11.5
PTB-XL,Univariate,Q_Amp_V5,Z-Score,2.75
PTB-XL,Univariate,Q_Amp_V5,MAD,9.46
PTB-XL,Univariate,Q_Amp_V5_count,IQR,1.39
PTB-XL,Univariate,Q_Amp_V5_count,Z-Score,1.39
PTB-XL,Univariate,Q_Amp_V5_count,MAD,0.69
PTB-XL,Univariate,Q_Amp_V5_iqr,IQR,9.39
PTB-XL,Univariate,Q_Amp_V5_iqr,Z-Score,1.32
PTB-XL,Univariate,Q_Amp_V5_iqr,MAD,9.23
PTB-XL,Univariate,Q_Amp_V6,IQR,8.0
PTB-XL,Univariate,Q_Amp_V6,Z-Score,2.38
PTB-XL,Univariate,Q_Amp_V6,MAD,5.58
PTB-XL,Univariate,Q_Amp_V6_count,IQR,1.39
PTB-XL,Univariate,Q_Amp_V6_count,Z-Score,1.39
PTB-XL,Univariate,Q_Amp_V6_count,MAD,0.69
PTB-XL,Univariate,Q_Amp_V6_iqr,IQR,10.3
PTB-XL,Univariate,Q_Amp_V6_iqr,Z-Score,1.86
PTB-XL,Univariate,Q_Amp_V6_iqr,MAD,11.0
PTB-XL,Univariate,Q_Amp_aVF,IQR,6.78
PTB-XL,Univariate,Q_Amp_aVF,Z-Score,1.33
PTB-XL,Univariate,Q_Amp_aVF,MAD,4.39
PTB-XL,Univariate,Q_Amp_aVF_count,IQR,1.38
PTB-XL,Univariate,Q_Amp_aVF_count,Z-Score,1.38
PTB-XL,Univariate,Q_Amp_aVF_count,MAD,0.69
PTB-XL,Univariate,Q_Amp_aVF_iqr,IQR,7.76
PTB-XL,Univariate,Q_Amp_aVF_iqr,Z-Score,1.53
PTB-XL,Univariate,Q_Amp_aVF_iqr,MAD,6.95
PTB-XL,Univariate,Q_Amp_aVL,IQR,10.45
PTB-XL,Univariate,Q_Amp_aVL,Z-Score,1.6
PTB-XL,Univariate,Q_Amp_aVL,MAD,5.55
PTB-XL,Univariate,Q_Amp_aVL_count,IQR,1.38
PTB-XL,Univariate,Q_Amp_aVL_count,Z-Score,1.38
PTB-XL,Univariate,Q_Amp_aVL_count,MAD,0.69
PTB-XL,Univariate,Q_Amp_aVL_iqr,IQR,7.6
PTB-XL,Univariate,Q_Amp_aVL_iqr,Z-Score,1.84
PTB-XL,Univariate,Q_Amp_aVL_iqr,MAD,6.63
PTB-XL,Univariate,Q_Amp_aVR,IQR,6.34
PTB-XL,Univariate,Q_Amp_aVR,Z-Score,2.47
PTB-XL,Univariate,Q_Amp_aVR,MAD,4.45
PTB-XL,Univariate,Q_Amp_aVR_count,IQR,1.38
PTB-XL,Univariate,Q_Amp_aVR_count,Z-Score,1.38
PTB-XL,Univariate,Q_Amp_aVR_count,MAD,0.69
PTB-XL,Univariate,Q_Amp_aVR_iqr,IQR,7.61
PTB-XL,Univariate,Q_Amp_aVR_iqr,Z-Score,1.61
PTB-XL,Univariate,Q_Amp_aVR_iqr,MAD,7.49
PTB-XL,Univariate,RR_Mean_Global,IQR,1.32
PTB-XL,Univariate,RR_Mean_Global,Z-Score,0.46
PTB-XL,Univariate,RR_Mean_Global,MAD,0.27
PTB-XL,Univariate,RR_Mean_Global_count,IQR,1.38
PTB-XL,Univariate,RR_Mean_Global_count,Z-Score,1.38
PTB-XL,Univariate,RR_Mean_Global_count,MAD,0.69
PTB-XL,Univariate,RR_Mean_Global_iqr,IQR,11.04
PTB-XL,Univariate,RR_Mean_Global_iqr,Z-Score,2.28
PTB-XL,Univariate,RR_Mean_Global_iqr,MAD,12.03
PTB-XL,Univariate,R_Amp_I,IQR,5.37
PTB-XL,Univariate,R_Amp_I,Z-Score,1.25
PTB-XL,Univariate,R_Amp_I,MAD,1.59
PTB-XL,Univariate,R_Amp_II,IQR,9.29
PTB-XL,Univariate,R_Amp_II,Z-Score,0.76
PTB-XL,Univariate,R_Amp_II,MAD,3.2
PTB-XL,Univariate,R_Amp_III,IQR,0.89
PTB-XL,Univariate,R_Amp_III,Z-Score,0.65
PTB-XL,Univariate,R_Amp_III,MAD,0.15
PTB-XL,Univariate,R_Amp_III_count,IQR,1.38
PTB-XL,Univariate,R_Amp_III_count,Z-Score,1.38
PTB-XL,Univariate,R_Amp_III_count,MAD,0.69
PTB-XL,Univariate,R_Amp_III_iqr,IQR,6.14
PTB-XL,Univariate,R_Amp_III_iqr,Z-Score,1.22
PTB-XL,Univariate,R_Amp_III_iqr,MAD,5.64
PTB-XL,Univariate,R_Amp_II_count,IQR,1.38
PTB-XL,Univariate,R_Amp_II_count,Z-Score,1.38
PTB-XL,Univariate,R_Amp_II_count,MAD,0.69
PTB-XL,Univariate,R_Amp_II_iqr,IQR,7.58
PTB-XL,Univariate,R_Amp_II_iqr,Z-Score,1.14
PTB-XL,Univariate,R_Amp_II_iqr,MAD,6.69
PTB-XL,Univariate,R_Amp_I_count,IQR,1.38
PTB-XL,Univariate,R_Amp_I_count,Z-Score,1.38
PTB-XL,Univariate,R_Amp_I_count,MAD,0.69
PTB-XL,Univariate,R_Amp_I_iqr,IQR,6.22
PTB-XL,Univariate,R_Amp_I_iqr,Z-Score,1.23
PTB-XL,Univariate,R_Amp_I_iqr,MAD,4.85
PTB-XL,Univariate,R_Amp_V1,IQR,8.05
PTB-XL,Univariate,R_Amp_V1,Z-Score,2.18
PTB-XL,Univariate,R_Amp_V1,MAD,5.26
PTB-XL,Univariate,R_Amp_V1_count,IQR,1.38
PTB-XL,Univariate,R_Amp_V1_count,Z-Score,1.38
PTB-XL,Univariate,R_Amp_V1_count,MAD,0.69
PTB-XL,Univariate,R_Amp_V1_iqr,IQR,7.51
PTB-XL,Univariate,R_Amp_V1_iqr,Z-Score,1.58
PTB-XL,Univariate,R_Amp_V1_iqr,MAD,6.65
PTB-XL,Univariate,R_Amp_V2,IQR,13.49
PTB-XL,Univariate,R_Amp_V2,Z-Score,1.01
PTB-XL,Univariate,R_Amp_V2,MAD,6.12
PTB-XL,Univariate,R_Amp_V2_count,IQR,1.38
PTB-XL,Univariate,R_Amp_V2_count,Z-Score,1.38
PTB-XL,Univariate,R_Amp_V2_count,MAD,0.69
PTB-XL,Univariate,R_Amp_V2_iqr,IQR,7.86
PTB-XL,Univariate,R_Amp_V2_iqr,Z-Score,1.37
PTB-XL,Univariate,R_Amp_V2_iqr,MAD,6.73
PTB-XL,Univariate,R_Amp_V3,IQR,0.27
PTB-XL,Univariate,R_Amp_V3,Z-Score,0.37
PTB-XL,Univariate,R_Amp_V3,MAD,0.1
PTB-XL,Univariate,R_Amp_V3_count,IQR,1.38
PTB-XL,Univariate,R_Amp_V3_count,Z-Score,1.38
PTB-XL,Univariate,R_Amp_V3_count,MAD,0.69
PTB-XL,Univariate,R_Amp_V3_iqr,IQR,8.11
PTB-XL,Univariate,R_Amp_V3_iqr,Z-Score,1.46
PTB-XL,Univariate,R_Amp_V3_iqr,MAD,7.9
PTB-XL,Univariate,R_Amp_V4,IQR,0.43
PTB-XL,Univariate,R_Amp_V4,Z-Score,0.51
PTB-XL,Univariate,R_Amp_V4,MAD,2.72
PTB-XL,Univariate,R_Amp_V4_count,IQR,1.39
PTB-XL,Univariate,R_Amp_V4_count,Z-Score,1.39
PTB-XL,Univariate,R_Amp_V4_count,MAD,0.69
PTB-XL,Univariate,R_Amp_V4_iqr,IQR,7.0
PTB-XL,Univariate,R_Amp_V4_iqr,Z-Score,1.5
PTB-XL,Univariate,R_Amp_V4_iqr,MAD,5.91
PTB-XL,Univariate,R_Amp_V5,IQR,10.68
PTB-XL,Univariate,R_Amp_V5,Z-Score,1.11
PTB-XL,Univariate,R_Amp_V5,MAD,5.01
PTB-XL,Univariate,R_Amp_V5_count,IQR,1.39
PTB-XL,Univariate,R_Amp_V5_count,Z-Score,1.39
PTB-XL,Univariate,R_Amp_V5_count,MAD,0.69
PTB-XL,Univariate,R_Amp_V5_iqr,IQR,7.69
PTB-XL,Univariate,R_Amp_V5_iqr,Z-Score,1.25
PTB-XL,Univariate,R_Amp_V5_iqr,MAD,7.23
PTB-XL,Univariate,R_Amp_V6,IQR,6.8
PTB-XL,Univariate,R_Amp_V6,Z-Score,1.74
PTB-XL,Univariate,R_Amp_V6,MAD,3.37
PTB-XL,Univariate,R_Amp_V6_count,IQR,1.39
PTB-XL,Univariate,R_Amp_V6_count,Z-Score,1.39
PTB-XL,Univariate,R_Amp_V6_count,MAD,0.69
PTB-XL,Univariate,R_Amp_V6_iqr,IQR,9.19
PTB-XL,Univariate,R_Amp_V6_iqr,Z-Score,1.74
PTB-XL,Univariate,R_Amp_V6_iqr,MAD,9.24
PTB-XL,Univariate,R_Amp_aVF,IQR,0.85
PTB-XL,Univariate,R_Amp_aVF,Z-Score,0.67
PTB-XL,Univariate,R_Amp_aVF,MAD,0.2
PTB-XL,Univariate,R_Amp_aVF_count,IQR,1.38
PTB-XL,Univariate,R_Amp_aVF_count,Z-Score,1.38
PTB-XL,Univariate,R_Amp_aVF_count,MAD,0.69
PTB-XL,Univariate,R_Amp_aVF_iqr,IQR,7.12
PTB-XL,Univariate,R_Amp_aVF_iqr,Z-Score,1.2
PTB-XL,Univariate,R_Amp_aVF_iqr,MAD,5.18
PTB-XL,Univariate,R_Amp_aVL,IQR,2.67
PTB-XL,Univariate,R_Amp_aVL,Z-Score,0.57
PTB-XL,Univariate,R_Amp_aVL,MAD,0.68
PTB-XL,Univariate,R_Amp_aVL_count,IQR,1.38
PTB-XL,Univariate,R_Amp_aVL_count,Z-Score,1.38
PTB-XL,Univariate,R_Amp_aVL_count,MAD,0.69
PTB-XL,Univariate,R_Amp_aVL_iqr,IQR,6.38
PTB-XL,Univariate,R_Amp_aVL_iqr,Z-Score,1.37
PTB-XL,Univariate,R_Amp_aVL_iqr,MAD,4.89
PTB-XL,Univariate,R_Amp_aVR,IQR,6.06
PTB-XL,Univariate,R_Amp_aVR,Z-Score,1.84
PTB-XL,Univariate,R_Amp_aVR,MAD,3.98
PTB-XL,Univariate,R_Amp_aVR_count,IQR,1.38
PTB-XL,Univariate,R_Amp_aVR_count,Z-Score,1.38
PTB-XL,Univariate,R_Amp_aVR_count,MAD,0.69
PTB-XL,Univariate,R_Amp_aVR_iqr,IQR,6.98
PTB-XL,Univariate,R_Amp_aVR_iqr,Z-Score,0.97
PTB-XL,Univariate,R_Amp_aVR_iqr,MAD,7.45
PTB-XL,Univariate,ST_Elev_I,IQR,7.81
PTB-XL,Univariate,ST_Elev_I,Z-Score,0.38
PTB-XL,Univariate,ST_Elev_I,MAD,4.87
PTB-XL,Univariate,ST_Elev_II,IQR,8.01
PTB-XL,Univariate,ST_Elev_II,Z-Score,0.5
PTB-XL,Univariate,ST_Elev_II,MAD,3.96
PTB-XL,Univariate,ST_Elev_III,IQR,2.54
PTB-XL,Univariate,ST_Elev_III,Z-Score,0.49
PTB-XL,Univariate,ST_Elev_III,MAD,0.62
PTB-XL,Univariate,ST_Elev_III_count,IQR,17.29
PTB-XL,Univariate,ST_Elev_III_count,Z-Score,0.18
PTB-XL,Univariate,ST_Elev_III_count,MAD,16.45
PTB-XL,Univariate,ST_Elev_III_iqr,IQR,6.11
PTB-XL,Univariate,ST_Elev_III_iqr,Z-Score,1.9
PTB-XL,Univariate,ST_Elev_III_iqr,MAD,5.75
PTB-XL,Univariate,ST_Elev_II_count,IQR,17.29
PTB-XL,Univariate,ST_Elev_II_count,Z-Score,0.18
PTB-XL,Univariate,ST_Elev_II_count,MAD,16.45
PTB-XL,Univariate,ST_Elev_II_iqr,IQR,8.84
PTB-XL,Univariate,ST_Elev_II_iqr,Z-Score,2.19
PTB-XL,Univariate,ST_Elev_II_iqr,MAD,9.39
PTB-XL,Univariate,ST_Elev_I_count,IQR,17.29
PTB-XL,Univariate,ST_Elev_I_count,Z-Score,0.18
PTB-XL,Univariate,ST_Elev_I_count,MAD,16.45
PTB-XL,Univariate,ST_Elev_I_iqr,IQR,8.1
PTB-XL,Univariate,ST_Elev_I_iqr,Z-Score,2.28
PTB-XL,Univariate,ST_Elev_I_iqr,MAD,8.52
PTB-XL,Univariate,ST_Elev_V1,IQR,1.33
PTB-XL,Univariate,ST_Elev_V1,Z-Score,0.69
PTB-XL,Univariate,ST_Elev_V1,MAD,0.66
PTB-XL,Univariate,ST_Elev_V1_count,IQR,17.29
PTB-XL,Univariate,ST_Elev_V1_count,Z-Score,0.18
PTB-XL,Univariate,ST_Elev_V1_count,MAD,16.45
PTB-XL,Univariate,ST_Elev_V1_iqr,IQR,6.31
PTB-XL,Univariate,ST_Elev_V1_iqr,Z-Score,1.86
PTB-XL,Univariate,ST_Elev_V1_iqr,MAD,6.78
PTB-XL,Univariate,ST_Elev_V2,IQR,13.71
PTB-XL,Univariate,ST_Elev_V2,Z-Score,0.74
PTB-XL,Univariate,ST_Elev_V2,MAD,9.69
PTB-XL,Univariate,ST_Elev_V2_count,IQR,17.29
PTB-XL,Univariate,ST_Elev_V2_count,Z-Score,0.18
PTB-XL,Univariate,ST_Elev_V2_count,MAD,16.45
PTB-XL,Univariate,ST_Elev_V2_iqr,IQR,9.58
PTB-XL,Univariate,ST_Elev_V2_iqr,Z-Score,1.94
PTB-XL,Univariate,ST_Elev_V2_iqr,MAD,11.28
PTB-XL,Univariate,ST_Elev_V3,IQR,13.26
PTB-XL,Univariate,ST_Elev_V3,Z-Score,0.74
PTB-XL,Univariate,ST_Elev_V3,MAD,9.28
PTB-XL,Univariate,ST_Elev_V3_count,IQR,17.29
PTB-XL,Univariate,ST_Elev_V3_count,Z-Score,0.18
PTB-XL,Univariate,ST_Elev_V3_count,MAD,16.45
PTB-XL,Univariate,ST_Elev_V3_iqr,IQR,9.49
PTB-XL,Univariate,ST_Elev_V3_iqr,Z-Score,1.91
PTB-XL,Univariate,ST_Elev_V3_iqr,MAD,10.42
PTB-XL,Univariate,ST_Elev_V4,IQR,12.14
PTB-XL,Univariate,ST_Elev_V4,Z-Score,0.57
PTB-XL,Univariate,ST_Elev_V4,MAD,8.4
PTB-XL,Univariate,ST_Elev_V4_count,IQR,17.29
PTB-XL,Univariate,ST_Elev_V4_count,Z-Score,0.18
PTB-XL,Univariate,ST_Elev_V4_count,MAD,16.45
PTB-XL,Univariate,ST_Elev_V4_iqr,IQR,9.99
PTB-XL,Univariate,ST_Elev_V4_iqr,Z-Score,2.38
PTB-XL,Univariate,ST_Elev_V4_iqr,MAD,10.93
PTB-XL,Univariate,ST_Elev_V5,IQR,8.82
PTB-XL,Univariate,ST_Elev_V5,Z-Score,0.45
PTB-XL,Univariate,ST_Elev_V5,MAD,5.75
PTB-XL,Univariate,ST_Elev_V5_count,IQR,17.29
PTB-XL,Univariate,ST_Elev_V5_count,Z-Score,0.18
PTB-XL,Univariate,ST_Elev_V5_count,MAD,16.45
PTB-XL,Univariate,ST_Elev_V5_iqr,IQR,9.48
PTB-XL,Univariate,ST_Elev_V5_iqr,Z-Score,2.29
PTB-XL,Univariate,ST_Elev_V5_iqr,MAD,10.43
PTB-XL,Univariate,ST_Elev_V6,IQR,6.14
PTB-XL,Univariate,ST_Elev_V6,Z-Score,0.39
PTB-XL,Univariate,ST_Elev_V6,MAD,3.01
PTB-XL,Univariate,ST_Elev_V6_count,IQR,17.29
PTB-XL,Univariate,ST_Elev_V6_count,Z-Score,0.18
PTB-XL,Univariate,ST_Elev_V6_count,MAD,16.45
PTB-XL,Univariate,ST_Elev_V6_iqr,IQR,8.63
PTB-XL,Univariate,ST_Elev_V6_iqr,Z-Score,2.25
PTB-XL,Univariate,ST_Elev_V6_iqr,MAD,9.56
PTB-XL,Univariate,ST_Elev_aVF,IQR,4.98
PTB-XL,Univariate,ST_Elev_aVF,Z-Score,0.47
PTB-XL,Univariate,ST_Elev_aVF,MAD,1.38
PTB-XL,Univariate,ST_Elev_aVF_count,IQR,17.29
PTB-XL,Univariate,ST_Elev_aVF_count,Z-Score,0.18
PTB-XL,Univariate,ST_Elev_aVF_count,MAD,16.45
PTB-XL,Univariate,ST_Elev_aVF_iqr,IQR,7.64
PTB-XL,Univariate,ST_Elev_aVF_iqr,Z-Score,2.08
PTB-XL,Univariate,ST_Elev_aVF_iqr,MAD,7.71
PTB-XL,Univariate,ST_Elev_aVL,IQR,5.16
PTB-XL,Univariate,ST_Elev_aVL,Z-Score,0.43
PTB-XL,Univariate,ST_Elev_aVL,MAD,1.2
PTB-XL,Univariate,ST_Elev_aVL_count,IQR,17.29
PTB-XL,Univariate,ST_Elev_aVL_count,Z-Score,0.18
PTB-XL,Univariate,ST_Elev_aVL_count,MAD,16.45
PTB-XL,Univariate,ST_Elev_aVL_iqr,IQR,6.22
PTB-XL,Univariate,ST_Elev_aVL_iqr,Z-Score,2.05
PTB-XL,Univariate,ST_Elev_aVL_iqr,MAD,5.65
PTB-XL,Univariate,ST_Elev_aVR,IQR,5.19
PTB-XL,Univariate,ST_Elev_aVR,Z-Score,0.78
PTB-XL,Univariate,ST_Elev_aVR,MAD,3.46
PTB-XL,Univariate,ST_Elev_aVR_count,IQR,17.29
PTB-XL,Univariate,ST_Elev_aVR_count,Z-Score,0.18
PTB-XL,Univariate,ST_Elev_aVR_count,MAD,16.45
PTB-XL,Univariate,ST_Elev_aVR_iqr,IQR,8.25
PTB-XL,Univariate,ST_Elev_aVR_iqr,Z-Score,1.95
PTB-XL,Univariate,ST_Elev_aVR_iqr,MAD,9.02
PTB-XL,Univariate,S_Amp_V1,IQR,11.24
PTB-XL,Univariate,S_Amp_V1,Z-Score,2.33
PTB-XL,Univariate,S_Amp_V1,MAD,9.5
PTB-XL,Univariate,S_Amp_V1_count,IQR,1.38
PTB-XL,Univariate,S_Amp_V1_count,Z-Score,1.38
PTB-XL,Univariate,S_Amp_V1_count,MAD,0.69
PTB-XL,Univariate,S_Amp_V1_iqr,IQR,9.35
PTB-XL,Univariate,S_Amp_V1_iqr,Z-Score,1.84
PTB-XL,Univariate,S_Amp_V1_iqr,MAD,8.61
PTB-XL,Univariate,S_Amp_V2,IQR,16.49
PTB-XL,Univariate,S_Amp_V2,Z-Score,2.77
PTB-XL,Univariate,S_Amp_V2,MAD,14.39
PTB-XL,Univariate,S_Amp_V2_count,IQR,1.38
PTB-XL,Univariate,S_Amp_V2_count,Z-Score,1.38
PTB-XL,Univariate,S_Amp_V2_count,MAD,0.69
PTB-XL,Univariate,S_Amp_V2_iqr,IQR,9.04
PTB-XL,Univariate,S_Amp_V2_iqr,Z-Score,2.0
PTB-XL,Univariate,S_Amp_V2_iqr,MAD,9.43
PTB-XL,Univariate,S_Amp_V3,IQR,2.06
PTB-XL,Univariate,S_Amp_V3,Z-Score,1.04
PTB-XL,Univariate,S_Amp_V3,MAD,20.76
PTB-XL,Univariate,S_Amp_V3_count,IQR,1.38
PTB-XL,Univariate,S_Amp_V3_count,Z-Score,1.38
PTB-XL,Univariate,S_Amp_V3_count,MAD,0.69
PTB-XL,Univariate,S_Amp_V3_iqr,IQR,9.14
PTB-XL,Univariate,S_Amp_V3_iqr,Z-Score,2.05
PTB-XL,Univariate,S_Amp_V3_iqr,MAD,8.44
PTB-XL,Univariate,T_Amp_I,IQR,2.15
PTB-XL,Univariate,T_Amp_I,Z-Score,1.06
PTB-XL,Univariate,T_Amp_I,MAD,1.2
PTB-XL,Univariate,T_Amp_II,IQR,2.12
PTB-XL,Univariate,T_Amp_II,Z-Score,0.79
PTB-XL,Univariate,T_Amp_II,MAD,0.74
PTB-XL,Univariate,T_Amp_III,IQR,5.97
PTB-XL,Univariate,T_Amp_III,Z-Score,1.45
PTB-XL,Univariate,T_Amp_III,MAD,2.92
PTB-XL,Univariate,T_Amp_III_count,IQR,1.38
PTB-XL,Univariate,T_Amp_III_count,Z-Score,1.38
PTB-XL,Univariate,T_Amp_III_count,MAD,0.69
PTB-XL,Univariate,T_Amp_III_iqr,IQR,7.56
PTB-XL,Univariate,T_Amp_III_iqr,Z-Score,1.72
PTB-XL,Univariate,T_Amp_III_iqr,MAD,7.24
PTB-XL,Univariate,T_Amp_II_count,IQR,1.38
PTB-XL,Univariate,T_Amp_II_count,Z-Score,1.38
PTB-XL,Univariate,T_Amp_II_count,MAD,0.69
PTB-XL,Univariate,T_Amp_II_iqr,IQR,7.82
PTB-XL,Univariate,T_Amp_II_iqr,Z-Score,1.65
PTB-XL,Univariate,T_Amp_II_iqr,MAD,6.94
PTB-XL,Univariate,T_Amp_I_count,IQR,1.38
PTB-XL,Univariate,T_Amp_I_count,Z-Score,1.38
PTB-XL,Univariate,T_Amp_I_count,MAD,0.69
PTB-XL,Univariate,T_Amp_I_iqr,IQR,7.25
PTB-XL,Univariate,T_Amp_I_iqr,Z-Score,1.67
PTB-XL,Univariate,T_Amp_I_iqr,MAD,6.15
PTB-XL,Univariate,T_Amp_V1,IQR,5.91
PTB-XL,Univariate,T_Amp_V1,Z-Score,1.74
PTB-XL,Univariate,T_Amp_V1,MAD,3.72
PTB-XL,Univariate,T_Amp_V1_count,IQR,1.38
PTB-XL,Univariate,T_Amp_V1_count,Z-Score,1.38
PTB-XL,Univariate,T_Amp_V1_count,MAD,0.69
PTB-XL,Univariate,T_Amp_V1_iqr,IQR,9.58
PTB-XL,Univariate,T_Amp_V1_iqr,Z-Score,1.74
PTB-XL,Univariate,T_Amp_V1_iqr,MAD,8.78
PTB-XL,Univariate,T_Amp_V2,IQR,2.6
PTB-XL,Univariate,T_Amp_V2,Z-Score,1.3
PTB-XL,Univariate,T_Amp_V2,MAD,1.09
PTB-XL,Univariate,T_Amp_V2_count,IQR,1.38
PTB-XL,Univariate,T_Amp_V2_count,Z-Score,1.38
PTB-XL,Univariate,T_Amp_V2_count,MAD,0.69
PTB-XL,Univariate,T_Amp_V2_iqr,IQR,8.92
PTB-XL,Univariate,T_Amp_V2_iqr,Z-Score,1.95
PTB-XL,Univariate,T_Amp_V2_iqr,MAD,7.9
PTB-XL,Univariate,T_Amp_V3,IQR,2.85
PTB-XL,Univariate,T_Amp_V3,Z-Score,1.29
PTB-XL,Univariate,T_Amp_V3,MAD,1.28
PTB-XL,Univariate,T_Amp_V3_count,IQR,1.38
PTB-XL,Univariate,T_Amp_V3_count,Z-Score,1.38
PTB-XL,Univariate,T_Amp_V3_count,MAD,0.69
PTB-XL,Univariate,T_Amp_V3_iqr,IQR,9.13
PTB-XL,Univariate,T_Amp_V3_iqr,Z-Score,1.85
PTB-XL,Univariate,T_Amp_V3_iqr,MAD,10.01
PTB-XL,Univariate,T_Amp_V4,IQR,3.19
PTB-XL,Univariate,T_Amp_V4,Z-Score,1.23
PTB-XL,Univariate,T_Amp_V4,MAD,1.35
PTB-XL,Univariate,T_Amp_V4_count,IQR,1.39
PTB-XL,Univariate,T_Amp_V4_count,Z-Score,1.39
PTB-XL,Univariate,T_Amp_V4_count,MAD,0.69
PTB-XL,Univariate,T_Amp_V4_iqr,IQR,8.34
PTB-XL,Univariate,T_Amp_V4_iqr,Z-Score,1.56
PTB-XL,Univariate,T_Amp_V4_iqr,MAD,9.39
PTB-XL,Univariate,T_Amp_V5,IQR,2.95
PTB-XL,Univariate,T_Amp_V5,Z-Score,1.21
PTB-XL,Univariate,T_Amp_V5,MAD,1.26
PTB-XL,Univariate,T_Amp_V5_count,IQR,1.39
PTB-XL,Univariate,T_Amp_V5_count,Z-Score,1.39
PTB-XL,Univariate,T_Amp_V5_count,MAD,0.69
PTB-XL,Univariate,T_Amp_V5_iqr,IQR,8.8
PTB-XL,Univariate,T_Amp_V5_iqr,Z-Score,1.17
PTB-XL,Univariate,T_Amp_V5_iqr,MAD,9.53
PTB-XL,Univariate,T_Amp_V6,IQR,3.53
PTB-XL,Univariate,T_Amp_V6,Z-Score,1.38
PTB-XL,Univariate,T_Amp_V6,MAD,1.74
PTB-XL,Univariate,T_Amp_V6_count,IQR,1.39
PTB-XL,Univariate,T_Amp_V6_count,Z-Score,1.39
PTB-XL,Univariate,T_Amp_V6_count,MAD,0.69
PTB-XL,Univariate,T_Amp_V6_iqr,IQR,9.54
PTB-XL,Univariate,T_Amp_V6_iqr,Z-Score,1.71
PTB-XL,Univariate,T_Amp_V6_iqr,MAD,10.43
PTB-XL,Univariate,T_Amp_aVF,IQR,3.61
PTB-XL,Univariate,T_Amp_aVF,Z-Score,1.1
PTB-XL,Univariate,T_Amp_aVF,MAD,1.61
PTB-XL,Univariate,T_Amp_aVF_count,IQR,1.38
PTB-XL,Univariate,T_Amp_aVF_count,Z-Score,1.38
PTB-XL,Univariate,T_Amp_aVF_count,MAD,0.69
PTB-XL,Univariate,T_Amp_aVF_iqr,IQR,7.81
PTB-XL,Univariate,T_Amp_aVF_iqr,Z-Score,1.73
PTB-XL,Univariate,T_Amp_aVF_iqr,MAD,6.34
PTB-XL,Univariate,T_Amp_aVL,IQR,5.51
PTB-XL,Univariate,T_Amp_aVL,Z-Score,1.48
PTB-XL,Univariate,T_Amp_aVL,MAD,2.94
PTB-XL,Univariate,T_Amp_aVL_count,IQR,1.38
PTB-XL,Univariate,T_Amp_aVL_count,Z-Score,1.38
PTB-XL,Univariate,T_Amp_aVL_count,MAD,0.69
PTB-XL,Univariate,T_Amp_aVL_iqr,IQR,7.89
PTB-XL,Univariate,T_Amp_aVL_iqr,Z-Score,1.87
PTB-XL,Univariate,T_Amp_aVL_iqr,MAD,6.72
PTB-XL,Univariate,T_Amp_aVR,IQR,2.21
PTB-XL,Univariate,T_Amp_aVR,Z-Score,0.85
PTB-XL,Univariate,T_Amp_aVR,MAD,0.77
PTB-XL,Univariate,T_Amp_aVR_count,IQR,1.38
PTB-XL,Univariate,T_Amp_aVR_count,Z-Score,1.38
PTB-XL,Univariate,T_Amp_aVR_count,MAD,0.69
PTB-XL,Univariate,T_Amp_aVR_iqr,IQR,7.95
PTB-XL,Univariate,T_Amp_aVR_iqr,Z-Score,1.7
PTB-XL,Univariate,T_Amp_aVR_iqr,MAD,5.73
